<?xml version="1.0" encoding="UTF-8"?><PRPA_IN101102CA xmlns="urn:hl7-org:v3" xmlns:xsi="http://www.w3.org/2001/XMLSchema-instance" ITSVersion="XML_1.0" xsi:schemaLocation="urn:hl7-org:v3 ../Schemas/PRPA_IN101102CA.xsd">
   <realmCode code="CA"/>
   <id root="1715C334-8F27-11C0-ECC7-259D48B8BBC9"/>
   <creationTime value="20090917161400.843-0700"/>
   <responseModeCode code="I"/>
   <versionCode code="V3-2008N"/>
   <interactionId root="2.16.840.1.113883.1.18" extension="PRPA_IN101102CA" displayable="true"/>
   <profileId use="BUS" root="2.16.840.1.113883.2.20.2" extension="R02.04.02"/>
   <processingCode code="D"/>
   <processingModeCode code="T"/>
   <acceptAckCode code="NE"/>
   <receiver typeCode="RCV">
      <telecom value="http://120.120.120.120"/>
      <device classCode="DEV" determinerCode="INSTANCE">
         <id use="BUS" root="2.16.840.1.113883.19.3.207.15.1.0.3" extension="DIS01"/>
         <name>Good Health Clinic</name>
      </device>
   </receiver>
   <sender typeCode="SND">
      <telecom value="http://100.100.100.100"/>
      <device classCode="DEV" determinerCode="INSTANCE">
         <id use="BUS" root="2.16.840.1.113883.19.3.297.15.37.0.47" extension="DIS01"/>
         <name>Jurisdiction X HIAL</name>
      </device>
   </sender>
   <acknowledgement>
      <typeCode code="AA"/>
      <targetMessage>
         <id root="81F5025C-8E7D-11C5-F763-47001F336B58"/>
      </targetMessage>
   </acknowledgement>
   <controlActEvent classCode="CACT" moodCode="EVN">
      <id use="BUS" root="2.16.840.1.113883.19.3.297.15.37.1" extension="6835953503943"/>
      <code codeSystem="2.16.840.1.113883.1.18" code="PRPA_TE101102CA"/>
      <statusCode code="completed"/>
      <effectiveTime xsi:type="IVL_TS">
         <low value="20090917161359.843-0700"/>
      </effectiveTime>
      <languageCode code="en" codeSystem="2.16.840.1.113883.6.121"/>
      <subject contextConductionInd="false" contextControlCode="ON" typeCode="SUBJ">
         <registrationEvent classCode="REG" moodCode="EVN">
            <statusCode code="active"/>
            <subject typeCode="SBJ" contextControlCode="AN">
               <identifiedEntity classCode="IDENT">
                  <id displayable="true" extension="444114567" root="2.16.840.1.113883.4.57"/>
                  <statusCode code="active"/>
                  <effectiveTime>
                     <low value="20090917"/>
                  </effectiveTime>
                  <confidentialityCode code="N" codeSystem="2.16.840.1.113883.5.25"/>
                  <identifiedPerson classCode="PSN" determinerCode="INSTANCE">
                     <name use="L">
                        <given>Nancy</given>
                        <given qualifier="IN">D.</given>
                        <family>Nuclear</family>
                     </name>
                     <telecom use="H" value="tel:+1-555-555-5001"/>
                     <administrativeGenderCode code="F" codeSystem="2.16.840.1.113883.5.1"/>
                     <birthTime value="19901205"/>
                     <deceasedInd value="false"/>
                     <addr use="WP PST">
      6666 Home Street
      <delimiter/>
                        <city>Ann Arbor</city>
                        <state>MI</state>
                        <postalCode>99999</postalCode>
                     </addr>
                     <asOtherIDs classCode="ROL">
                        <id displayable="true" extension="12345" root="2.16.840.1.113883.4.50"/>
                        <code code="JHN" codeSystem="2.16.840.1.113883.2.20.5.2"/>
                        <assigningIdOrganization classCode="ORG" determinerCode="INSTANCE">
                           <id use="BUS" root="1.2.3.5"/>
                           <name>British Columbia Ministry of Health</name>
                        </assigningIdOrganization>
                     </asOtherIDs>
                     <asOtherIDs classCode="ROL">
                        <id displayable="true" extension="ABCDE" root="2.16.840.1.113883.4.12"/>
                        <code code="JHN" codeSystem="2.16.840.1.113883.2.20.5.2"/>
                        <assigningIdOrganization classCode="ORG" determinerCode="INSTANCE">
                           <id use="BUS" root="1.2.3.6"/>
                           <name>Manitoba Ministry of Health</name>
                        </assigningIdOrganization>
                     </asOtherIDs>
                     <personalRelationship classCode="PRS">
                        <code code="FTH" codeSystem="2.16.840.1.113883.5.111"/>
                        <relationshipHolder classCode="PSN" determinerCode="INSTANCE">
                           <id use="BUS" extension="444111234" root="2.16.840.1.113883.4.57"/>
                           <name use="L">
                              <given>Neville</given>
                              <given qualifier="IN">H.</given>
                              <family>Nuclear</family>
                           </name>
                        </relationshipHolder>
                     </personalRelationship>
                     <personalRelationship classCode="PRS">
                        <code code="MTH" codeSystem="2.16.840.1.113883.5.111"/>
                        <relationshipHolder classCode="PSN" determinerCode="INSTANCE">
                           <id use="BUS" extension="444112345" root="2.16.840.1.113883.4.57"/>
                           <name use="L">
                              <given>Nelda</given>
                              <given qualifier="IN">W.</given>
                              <family>Nuclear</family>
                           </name>
                        </relationshipHolder>
                     </personalRelationship>
                     <languageCommunication>
                        <languageCode code="en" codeSystem="2.16.840.1.113883.6.121"/>
                        <preferenceInd value="true"/>
                     </languageCommunication>
                  </identifiedPerson>
               </identifiedEntity>
            </subject>
            <custodian contextControlCode="AP" typeCode="CST">
               <assignedDevice classCode="ASSIGNED">
                  <id use="BUS" root="2.16.840.1.113883.19.3.77.18"/>
                  <assignedRepository classCode="DEV" determinerCode="INSTANCE">
                     <name>Client Registry</name>
                  </assignedRepository>
                  <representedRepositoryJurisdiction classCode="STATE" determinerCode="INSTANCE">
                     <name>Saskatchewan</name>
                  </representedRepositoryJurisdiction>
               </assignedDevice>
            </custodian>
         </registrationEvent>
      </subject>
      <queryAck>
         <queryId root="4DAA7B38-4107-F27D-5479-182108C5FD60"/>
         <queryResponseCode code="OK"/>
         <resultTotalQuantity value="1"/>
         <resultCurrentQuantity value="1"/>
         <resultRemainingQuantity value="1"/>
      </queryAck>
      <queryByParameter>
         <queryId root="4DAA7B38-4107-F27D-5479-182108C5FD60"/>
         <parameterList>
            <clientIDBus>
               <value use="BUS" extension="444114567" root="2.16.840.1.113883.4.57"/>
            </clientIDBus>
         </parameterList>
      </queryByParameter>
   </controlActEvent>
</PRPA_IN101102CA>