<?xml version="1.0" encoding="UTF-8"?><PRPA_IN101105CA xmlns="urn:hl7-org:v3" xmlns:xsi="http://www.w3.org/2001/XMLSchema-instance" ITSVersion="XML_1.0" xsi:schemaLocation="urn:hl7-org:v3 ../Schemas/PRPA_IN101105CA.xsd"><!--
    - Note: This is an example instance.  In a real instance the following differences would apply
    -     1. There would be no schema declaration.  (Receivers will validate against their own schemas)
    -     2. Example OIDs would be replaced by real OIDs
    -     3. Processing mode would be Production, not Debug
    -     4. Data would be real values :>
  --><realmCode code="CA"/>
   <id root="181E8214-5529-E518-A9B1-75AA6DFFD03D"/>
   <creationTime value="20090917161259.843-0700"/>
   <responseModeCode code="I"/>
   <versionCode code="V3-2008N"/>
   <interactionId root="2.16.840.1.113883.1.18" extension="PRPA_IN101105CA" displayable="true"/>
   <profileId use="BUS" root="2.16.840.1.113883.2.20.2" extension="R02.04.02"/>
   <processingCode code="D"/>
   <processingModeCode code="T"/>
   <acceptAckCode code="NE"/>
   <receiver typeCode="RCV">
      <telecom value="http://100.100.100.100"/>
      <device classCode="DEV" determinerCode="INSTANCE">
         <id use="BUS" root="2.16.840.1.113883.19.3.297.15.37.0.47" extension="DIS01"/>
         <name>Jurisdiction X HIAL</name>
      </device>
   </receiver>
   <sender typeCode="SND">
      <telecom value="http://120.120.120.120"/>
      <device classCode="DEV" determinerCode="INSTANCE">
         <id use="BUS" root="2.16.840.1.113883.19.3.207.15.1.0.3" extension="DIS01"/>
         <name>Good Health Clinic</name>
      </device>
   </sender>
   <controlActEvent classCode="CACT" moodCode="EVN">
      <id use="BUS" root="2.16.840.1.113883.19.3.207.15.1.1" extension="361303932495"/>
      <code codeSystem="2.16.840.1.113883.1.18" code="PRPA_TE101105CA"/>
      <statusCode code="completed"/>
      <effectiveTime xsi:type="IVL_TS">
         <low value="20090917161259.843-0700"/>
      </effectiveTime>
      <languageCode code="en" codeSystem="2.16.840.1.113883.6.121"/>
      <author contextControlCode="AP" typeCode="AUT">
         <time value="20090917161259.843-0700"/>
         <assignedEntity1 classCode="ASSIGNED">
            <id xsi:type="II" specializationType="II.PUBLIC" displayable="true" extension="222339999" root="2.16.840.1.113883.19.4.207"/>
            <assignedPerson classCode="PSN" determinerCode="INSTANCE">
               <name use="L" xsi:type="PN" specializationType="PN.BASIC">
                  <prefix>Dr.</prefix>
                  <given>Fay</given>
                  <given qualifier="IN">F</given>
                  <family>Family</family>
               </name>
               <asHealthCareProvider classCode="PROV">
                  <id xsi:type="II" specializationType="II.PUBLIC" displayable="true" extension="200202888" root="2.16.840.1.113883.4.41"/>
               </asHealthCareProvider>
            </assignedPerson>
         </assignedEntity1>
      </author>
      <location typeCode="LOC" contextControlCode="AP">
         <serviceDeliveryLocation classCode="SDLOC">
            <id xsi:type="II" specializationType="II.PUBLIC" extension="8-66733-1" displayable="true" root="2.16.840.1.113883.19.3.291.3"/>
            <location classCode="PLC" determinerCode="INSTANCE">
               <name>Good Health Clinic</name>
            </location>
         </serviceDeliveryLocation>
      </location>
      <queryByParameter>
         <queryId root="4398AA39-4E86-E797-7CD8-46547C825FE6"/>
         <parameterList>
            <clientIDBus>
               <value use="BUS" extension="444114567" root="2.16.840.1.113883.4.57"/>
            </clientIDBus>
         </parameterList>
      </queryByParameter>
   </controlActEvent>
</PRPA_IN101105CA>