<?xml version="1.0" encoding="UTF-8"?><PRPA_IN101004CA xmlns="urn:hl7-org:v3" xmlns:xsi="http://www.w3.org/2001/XMLSchema-instance" ITSVersion="XML_1.0" xsi:schemaLocation="urn:hl7-org:v3 ../Schemas/PRPA_IN101004CA.xsd"><!--
    - Note: This is an example instance.  In a real instance the following differences would apply
    -     1. There would be no schema declaration.  (Receivers will validate against their own schemas)
    -     2. Example OIDs would be replaced by real OIDs
    -     3. Processing mode would be Production, not Debug
    -     4. Data would be real values :>
  --><realmCode code="CA"/>
   <id root="727C1B78-59CF-7FB5-8F03-B113EF4F5A23"/>
   <creationTime value="20090917161859.843-0700"/>
   <responseModeCode code="I"/>
   <versionCode code="V3-2008N"/>
   <interactionId root="2.16.840.1.113883.1.18" extension="PRPA_IN101004CA" displayable="true"/>
   <profileId use="BUS" root="2.16.840.1.113883.2.20.2" extension="R02.04.02"/>
   <processingCode code="D"/>
   <processingModeCode code="T"/>
   <acceptAckCode code="NE"/>
   <receiver typeCode="RCV">
      <telecom value="http://100.100.100.100"/>
      <device classCode="DEV" determinerCode="INSTANCE">
         <id use="BUS" root="2.16.840.1.113883.19.3.297.15.37.0.47" extension="DIS01"/>
         <name>Jurisdiction X HIAL</name>
      </device>
   </receiver>
   <sender typeCode="SND">
      <telecom value="http://120.120.120.120"/>
      <device classCode="DEV" determinerCode="INSTANCE">
         <id use="BUS" root="2.16.840.1.113883.19.3.207.15.1.0.3" extension="DIS01"/>
         <name>Good Health Clinic</name>
      </device>
   </sender>
   <controlActEvent classCode="CACT" moodCode="EVN">
      <id use="BUS" root="2.16.840.1.113883.19.3.207.15.1.1" extension="712771955349"/>
      <code codeSystem="2.16.840.1.113883.1.18" code="PRPA_TE101004CA"/>
      <statusCode code="completed"/>
      <effectiveTime xsi:type="IVL_TS">
         <low value="20090917161859.843-0700"/>
      </effectiveTime>
      <languageCode code="en" codeSystem="2.16.840.1.113883.6.121"/>
      <subject contextConductionInd="false" contextControlCode="ON" typeCode="SUBJ">
         <registrationEvent classCode="REG" moodCode="EVN">
            <statusCode code="active"/>
            <subject typeCode="SBJ" contextControlCode="AN">
               <identifiedEntity classCode="IDENT">
                  <id displayable="true" extension="444114567" root="2.16.840.1.113883.4.57"/>
                  <statusCode code="active"/>
                  <confidentialityCode code="N" codeSystem="2.16.840.1.113883.5.25"/>
                  <identifiedPerson classCode="PSN" determinerCode="INSTANCE">
                     <name use="L">
                        <given>Nancy</given>
                        <given qualifier="IN">D.</given>
                        <family>Nuclear</family>
                     </name>
                     <telecom use="H" value="tel:+1-555-555-5001"/>
                     <administrativeGenderCode code="F" codeSystem="2.16.840.1.113883.5.1"/>
                     <birthTime value="19901205"/>
                     <deceasedInd value="false"/>
                     <addr use="WP PST">
      6666 Home Street
      <delimiter/>
                        <city>Ann Arbor</city>
                        <state>MI</state>
                        <postalCode>99999</postalCode>
                     </addr>
                     <asOtherIDs classCode="IDENT">
                        <id displayable="true" extension="12345" root="2.16.840.1.113883.4.50"/>
                        <code code="JHN" codeSystem="2.16.840.1.113883.2.20.5.2"/>
                        <assigningIdOrganization classCode="ORG" determinerCode="INSTANCE">
                           <id use="BUS" root="1.2.3.5"/>
                           <name>British Columbia Ministry of Health</name>
                        </assigningIdOrganization>
                     </asOtherIDs>
                     <asOtherIDs classCode="IDENT">
                        <id displayable="true" extension="ABCDE" root="2.16.840.1.113883.4.12"/>
                        <code code="JHN" codeSystem="2.16.840.1.113883.2.20.5.2"/>
                        <assigningIdOrganization classCode="ORG" determinerCode="INSTANCE">
                           <id use="BUS" root="1.2.3.6"/>
                           <name>Manitoba Ministry of Health</name>
                        </assigningIdOrganization>
                     </asOtherIDs>
                     <personalRelationship classCode="PRS">
                        <code code="FTH" codeSystem="2.16.840.1.113883.5.111"/>
                        <relationshipHolder classCode="PSN" determinerCode="INSTANCE">
                           <id use="BUS" extension="444111234" root="2.16.840.1.113883.4.57"/>
                           <name use="L">
                              <given>Neville</given>
                              <given qualifier="IN">H.</given>
                              <family>Nuclear</family>
                           </name>
                        </relationshipHolder>
                     </personalRelationship>
                     <personalRelationship classCode="PRS">
                        <code code="MTH" codeSystem="2.16.840.1.113883.5.111"/>
                        <relationshipHolder classCode="PSN" determinerCode="INSTANCE">
                           <id use="BUS" extension="444112345" root="2.16.840.1.113883.4.57"/>
                           <name use="L">
                              <given>Nelda</given>
                              <given qualifier="IN">W.</given>
                              <family>Nuclear</family>
                           </name>
                        </relationshipHolder>
                     </personalRelationship>
                     <languageCommunication>
                        <languageCode code="en" codeSystem="2.16.840.1.113883.6.121"/>
                        <preferenceInd value="true"/>
                     </languageCommunication>
                  </identifiedPerson>
               </identifiedEntity>
            </subject>
            <custodian contextControlCode="AP" typeCode="CST">
               <assignedDevice classCode="ASSIGNED">
                  <id use="BUS" root="2.16.840.1.113883.19.3.77.18"/>
                  <assignedRepository classCode="DEV" determinerCode="INSTANCE">
                     <name>Client Registry</name>
                  </assignedRepository>
                  <representedRepositoryJurisdiction classCode="STATE" determinerCode="INSTANCE">
                     <name>Saskatchewan</name>
                  </representedRepositoryJurisdiction>
               </assignedDevice>
            </custodian>
         </registrationEvent>
      </subject>
   </controlActEvent>
</PRPA_IN101004CA>