<?xml version="1.0" encoding="UTF-8"?><PORX_IN010400CA xmlns="urn:hl7-org:v3" xmlns:xsi="http://www.w3.org/2001/XMLSchema-instance" ITSVersion="XML_1.0" xsi:schemaLocation="urn:hl7-org:v3 ../Schemas/PORX_IN010400CA.xsd">
   <realmCode code="CA"/>
   <id root="5AD49CBC-3E81-775E-98B8-5D653024075C"/>
   <creationTime value="20090915232853.062-0700"/>
   <responseModeCode code="I"/>
   <versionCode code="V3-2008N"/>
   <interactionId root="2.16.840.1.113883.1.18" extension="PORX_IN010400CA" displayable="true"/>
   <profileId use="BUS" root="2.16.840.1.113883.2.20.2" extension="R02.04.02"/>
   <processingCode code="D"/>
   <processingModeCode code="T"/>
   <acceptAckCode code="NE"/>
   <receiver typeCode="RCV">
      <telecom value="http://120.120.120.120"/>
      <device classCode="DEV" determinerCode="INSTANCE">
         <id use="BUS" root="2.16.840.1.113883.19.3.207.15.1.0.3" extension="DIS01"/>
         <name>Good Health Clinic</name>
      </device>
   </receiver>
   <sender typeCode="SND">
      <telecom value="http://100.100.100.100"/>
      <device classCode="DEV" determinerCode="INSTANCE">
         <id use="BUS" root="2.16.840.1.113883.19.3.297.15.37.0.47" extension="DIS01"/>
         <name>Jurisdiction X HIAL</name>
      </device>
   </sender>
   <acknowledgement>
      <typeCode code="AA"/>
      <targetMessage>
         <id root="7BB9CB1C-9FA2-20B6-89E9-1C442EC86FB5"/>
      </targetMessage>
   </acknowledgement>
   <controlActEvent classCode="CACT" moodCode="EVN">
      <id use="BUS" root="2.16.840.1.113883.19.3.297.15.37.1" extension="94827026750074"/>
      <code codeSystem="2.16.840.1.113883.1.18" code="PORX_TE010700CA"/>
      <statusCode code="completed"/>
      <effectiveTime>
         <low value="20090915232852.062-0700"/>
      </effectiveTime>
      <languageCode code="en" codeSystem="2.16.840.1.113883.6.121"/>
      <recordTarget contextControlCode="AP" typeCode="RCT">
         <patient1 classCode="PAT">
            <id displayable="true" root="2.16.840.1.113883.4.20" extension="444112345"/>
            <patientPerson classCode="PSN" determinerCode="INSTANCE">
               <name use="L" specializationType="PN.BASIC">
                  <prefix>Mrs.</prefix>
                  <given>Nelda</given>
                  <given qualifier="IN">W</given>
                  <family>Nuclear</family>
               </name>
               <administrativeGenderCode codeSystem="2.16.840.1.113883.5.1" code="M"/>
               <birthTime value="19700512"/>
            </patientPerson>
         </patient1>
      </recordTarget>
      <subjectOf typeCode="SUBJ" contextControlCode="AP" contextConductionInd="false">
         <detectedIssueEvent classCode="ALRT" moodCode="EVN">
            <code code="DRG" codeSystem="2.16.840.1.113883.5.4"/>
            <text>Potential reduced effectiveness</text>
            <statusCode code="completed"/>
            <priorityCode code="E" codeSystem="2.16.840.1.113883.5.1082"/>
            <subject typeCode="SUBJ" contextControlCode="ON" contextConductionInd="false">
               <substanceAdministration classCode="SBADM" moodCode="RQO">
                  <id nullFlavor="NA"/>
                  <code code="DRUG" codeSystem="2.16.840.1.113883.5.4"/>
                  <statusCode code="active"/>
                  <effectiveTime>
                     <low value="20090915"/>
                  </effectiveTime>
                  <consumable typeCode="CSM">
                     <medication classCode="ADMM">
                        <administerableMedicine classCode="MMAT" determinerCode="KIND">
                           <code code="B01AA03" codeSystem="2.16.840.1.113883.6.73"/>
                           <name>WARFARIN</name>
                           <formCode code="TAB" codeSystem="2.16.840.1.113883.5.85"/>
                           <ingredient classCode="INGR" negationInd="false">
                              <quantity value="1" unit="mg"/>
                              <ingredient classCode="MMAT" determinerCode="KIND">
                                 <code code="9054" codeSystem="2.16.840.1.113883.5.1103"/>
                              </ingredient>
                           </ingredient>
                        </administerableMedicine>
                     </medication>
                  </consumable>
               </substanceAdministration>
            </subject>
            <subject typeCode="SUBJ" contextControlCode="ON" contextConductionInd="false">
               <substanceAdministration classCode="SBADM" moodCode="RQO">
                  <id use="BUS" root="2.16.840.1.113883.19.3.297.15.37.3" extension="GYF9H"/>
                  <code code="DRUG" codeSystem="2.16.840.1.113883.5.4"/>
                  <statusCode code="active"/>
                  <effectiveTime>
                     <low value="20090915"/>
                  </effectiveTime>
                  <consumable typeCode="CSM">
                     <medication classCode="ADMM">
                        <administerableMedicine classCode="MMAT" determinerCode="KIND">
                           <code code="H02AB07" codeSystem="2.16.840.1.113883.6.73"/>
                           <name>PREDNISONE</name>
                           <formCode code="TAB" codeSystem="2.16.840.1.113883.5.85"/>
                           <asContent classCode="CONT">
                              <containerPackagedMedicine classCode="CONT" determinerCode="KIND">
                                 <formCode code="COMPPKG" codeSystem="2.16.840.1.113883.5.1060"/>
                              </containerPackagedMedicine>
                           </asContent>
                           <ingredient classCode="INGR" negationInd="false">
                              <quantity value="5" unit="mg"/>
                              <ingredient classCode="MMAT" determinerCode="KIND">
                                 <code code="7566" codeSystem="2.16.840.1.113883.5.1103"/>
                              </ingredient>
                           </ingredient>
                        </administerableMedicine>
                     </medication>
                  </consumable>
               </substanceAdministration>
            </subject>
            <instantiation typeCode="INST" contextControlCode="ON" contextConductionInd="false">
               <detectedIssueDefinition classCode="ALRT" moodCode="DEF">
                  <id use="BUS" root="2.16.840.1.113883.19.3.229.37" extension="R1H40XLLWFJFE"/>
                  <text>
        There are reports of enhanced as well as diminished effects of anticoagulants when given concurrently with corticosteroids (prednisone). Therefore, coagulation indices should be monitored to
        maintain the desired anticoagulant effect.
      </text>
                  <author typeCode="AUT" contextControlCode="OP">
                     <time value="19930105"/>
                     <assignedEntity classCode="ASSIGNED">
                        <assignedOrganization classCode="ORG" determinerCode="INSTANCE">
                           <name>Know It All Meds</name>
                        </assignedOrganization>
                     </assignedEntity>
                  </author>
               </detectedIssueDefinition>
            </instantiation>
            <mitigatedBy typeCode="MITGT" contextControlCode="ON" contextConductionInd="false">
               <detectedIssueManagement classCode="ACT" moodCode="DEF">
                  <code code="7" codeSystem="2.16.840.1.113883.5.4"/>
               </detectedIssueManagement>
            </mitigatedBy>
            <mitigatedBy typeCode="MITGT" contextControlCode="ON" contextConductionInd="false">
               <detectedIssueManagement classCode="ACT" moodCode="DEF">
                  <code code="9" codeSystem="2.16.840.1.113883.5.4"/>
               </detectedIssueManagement>
            </mitigatedBy>
            <mitigatedBy typeCode="MITGT" contextControlCode="ON" contextConductionInd="false">
               <detectedIssueManagement classCode="ACT" moodCode="DEF">
                  <code code="12" codeSystem="2.16.840.1.113883.5.4"/>
               </detectedIssueManagement>
            </mitigatedBy>
            <mitigatedBy typeCode="MITGT" contextControlCode="ON" contextConductionInd="false">
               <detectedIssueManagement classCode="ACT" moodCode="DEF">
                  <code code="13" codeSystem="2.16.840.1.113883.5.4"/>
               </detectedIssueManagement>
            </mitigatedBy>
            <subjectOf1 typeCode="SUBJ" contextControlCode="OP" contextConductionInd="false">
               <storageIntent classCode="ACT" moodCode="INT">
                  <code code="STORE" codeSystem="2.16.840.1.113883.5.4"/>
               </storageIntent>
            </subjectOf1>
            <subjectOf2 typeCode="SUBJ" contextControlCode="ON" contextConductionInd="false">
               <severityObservation classCode="OBS" moodCode="EVN">
                  <code code="SEV" codeSystem="2.16.840.1.113883.5.4"/>
                  <statusCode code="completed"/>
                  <value code="H" codeSystem="2.16.840.1.113883.5.1063"/>
               </severityObservation>
            </subjectOf2>
         </detectedIssueEvent>
      </subjectOf>
      <subjectOf typeCode="SUBJ" contextControlCode="AP" contextConductionInd="false">
         <detectedIssueEvent classCode="ALRT" moodCode="EVN">
            <code code="DRG" codeSystem="2.16.840.1.113883.5.4"/>
            <text>Risk of internal bleeding</text>
            <statusCode code="completed"/>
            <priorityCode code="E" codeSystem="2.16.840.1.113883.5.1082"/>
            <subject typeCode="SUBJ" contextControlCode="ON" contextConductionInd="false">
               <substanceAdministration classCode="SBADM" moodCode="RQO">
                  <id nullFlavor="NA"/>
                  <code code="DRUG" codeSystem="2.16.840.1.113883.5.4"/>
                  <statusCode code="active"/>
                  <effectiveTime>
                     <low value="20090915"/>
                  </effectiveTime>
                  <consumable typeCode="CSM">
                     <medication classCode="ADMM">
                        <administerableMedicine classCode="MMAT" determinerCode="KIND">
                           <code code="B01AA03" codeSystem="2.16.840.1.113883.6.73"/>
                           <name>WARFARIN</name>
                           <formCode code="TAB" codeSystem="2.16.840.1.113883.5.85"/>
                           <ingredient classCode="INGR" negationInd="false">
                              <quantity value="1" unit="mg"/>
                              <ingredient classCode="MMAT" determinerCode="KIND">
                                 <code code="9054" codeSystem="2.16.840.1.113883.5.1103"/>
                              </ingredient>
                           </ingredient>
                        </administerableMedicine>
                     </medication>
                  </consumable>
               </substanceAdministration>
            </subject>
            <subject typeCode="SUBJ" contextControlCode="ON" contextConductionInd="false">
               <substanceAdministration classCode="SBADM" moodCode="EVN">
                  <id use="BUS" root="2.16.840.1.113883.19.3.297.15.37.19" extension="D1XKYVN"/>
                  <code code="DRUG" codeSystem="2.16.840.1.113883.5.4"/>
                  <statusCode code="active"/>
                  <effectiveTime>
                     <low value="20090915"/>
                  </effectiveTime>
                  <consumable typeCode="CSM">
                     <medication classCode="ADMM">
                        <administerableMedicine classCode="MMAT" determinerCode="KIND">
                           <code code="N02BE01" codeSystem="2.16.840.1.113883.6.73"/>
                           <name>ACETAMINOPHEN</name>
                           <formCode code="TAB" codeSystem="2.16.840.1.113883.5.85"/>
                           <ingredient classCode="INGR" negationInd="false">
                              <quantity value="500" unit="mg"/>
                              <ingredient classCode="MMAT" determinerCode="KIND">
                                 <code code="270" codeSystem="2.16.840.1.113883.5.1103"/>
                              </ingredient>
                           </ingredient>
                        </administerableMedicine>
                     </medication>
                  </consumable>
               </substanceAdministration>
            </subject>
            <instantiation typeCode="INST" contextControlCode="ON" contextConductionInd="false">
               <detectedIssueDefinition classCode="ALRT" moodCode="DEF">
                  <id use="BUS" root="2.16.840.1.113883.19.3.229.37" extension="Y1VRGMH6HGIPSZ"/>
                  <text>
        Those who take acetaminophen along with the widely used blood-thinning drug warfarin may face the risk of serious internal bleeding. People on warfarin who take acetaminophen for at least
        seven days in a row should be closely watched for bleeding.
      </text>
                  <author typeCode="AUT" contextControlCode="OP">
                     <time value="19951015"/>
                     <assignedEntity classCode="ASSIGNED">
                        <assignedOrganization classCode="ORG" determinerCode="INSTANCE">
                           <name>Know It All Meds</name>
                        </assignedOrganization>
                     </assignedEntity>
                  </author>
               </detectedIssueDefinition>
            </instantiation>
            <mitigatedBy typeCode="MITGT" contextControlCode="ON" contextConductionInd="false">
               <detectedIssueManagement classCode="ACT" moodCode="DEF">
                  <code code="7" codeSystem="2.16.840.1.113883.5.4"/>
               </detectedIssueManagement>
            </mitigatedBy>
            <mitigatedBy typeCode="MITGT" contextControlCode="ON" contextConductionInd="false">
               <detectedIssueManagement classCode="ACT" moodCode="DEF">
                  <code code="9" codeSystem="2.16.840.1.113883.5.4"/>
               </detectedIssueManagement>
            </mitigatedBy>
            <mitigatedBy typeCode="MITGT" contextControlCode="ON" contextConductionInd="false">
               <detectedIssueManagement classCode="ACT" moodCode="DEF">
                  <code code="12" codeSystem="2.16.840.1.113883.5.4"/>
               </detectedIssueManagement>
            </mitigatedBy>
            <mitigatedBy typeCode="MITGT" contextControlCode="ON" contextConductionInd="false">
               <detectedIssueManagement classCode="ACT" moodCode="DEF">
                  <code code="13" codeSystem="2.16.840.1.113883.5.4"/>
               </detectedIssueManagement>
            </mitigatedBy>
            <subjectOf1 typeCode="SUBJ" contextControlCode="OP" contextConductionInd="false">
               <storageIntent classCode="ACT" moodCode="INT">
                  <code code="STORE" codeSystem="2.16.840.1.113883.5.4"/>
               </storageIntent>
            </subjectOf1>
            <subjectOf2 typeCode="SUBJ" contextControlCode="ON" contextConductionInd="false">
               <severityObservation classCode="OBS" moodCode="EVN">
                  <code code="SEV" codeSystem="2.16.840.1.113883.5.4"/>
                  <statusCode code="completed"/>
                  <value code="H" codeSystem="2.16.840.1.113883.5.1063"/>
               </severityObservation>
            </subjectOf2>
         </detectedIssueEvent>
      </subjectOf>
      <subjectOf typeCode="SUBJ" contextControlCode="AP" contextConductionInd="false">
         <detectedIssueEvent classCode="ALRT" moodCode="EVN">
            <code code="COND" codeSystem="2.16.840.1.113883.5.4"/>
            <text>Increased risk of bleeding</text>
            <statusCode code="completed"/>
            <priorityCode code="E" codeSystem="2.16.840.1.113883.5.1082"/>
            <subject typeCode="SUBJ" contextControlCode="ON" contextConductionInd="false">
               <substanceAdministration classCode="SBADM" moodCode="RQO">
                  <id nullFlavor="NA"/>
                  <code code="DRUG" codeSystem="2.16.840.1.113883.5.4"/>
                  <statusCode code="active"/>
                  <effectiveTime>
                     <low value="20090915"/>
                  </effectiveTime>
                  <consumable typeCode="CSM">
                     <medication classCode="ADMM">
                        <administerableMedicine classCode="MMAT" determinerCode="KIND">
                           <code code="B01AA03" codeSystem="2.16.840.1.113883.6.73"/>
                           <name>WARFARIN</name>
                           <formCode code="TAB" codeSystem="2.16.840.1.113883.5.85"/>
                           <ingredient classCode="INGR" negationInd="false">
                              <quantity value="1" unit="mg"/>
                              <ingredient classCode="MMAT" determinerCode="KIND">
                                 <code code="9054" codeSystem="2.16.840.1.113883.5.1103"/>
                              </ingredient>
                           </ingredient>
                        </administerableMedicine>
                     </medication>
                  </consumable>
               </substanceAdministration>
            </subject>
            <subject typeCode="SUBJ" contextControlCode="ON" contextConductionInd="false">
               <observationCodedEvent classCode="OBS" moodCode="EVN">
                  <id use="BUS" root="2.16.840.1.113883.19.3.297.15.37.2" extension="WNXEEX9KBUH7"/>
                  <code code="TODO" codeSystem="2.16.840.1.113883.6.96"/>
                  <statusCode code="completed"/>
               </observationCodedEvent>
            </subject>
            <instantiation typeCode="INST" contextControlCode="ON" contextConductionInd="false">
               <detectedIssueDefinition classCode="ALRT" moodCode="DEF">
                  <id use="BUS" root="2.16.840.1.113883.19.3.229.37" extension="E94KIKMQ"/>
                  <text>
        Warfarin appears to be especially hazardous after a transient ischaemic attack or minor stroke; in one trial, 14 months of warfarin therapy with a relatively high target INR of 3.0-4.5
        increased major bleeding from 0.9% to 8.1%, intracranial bleeding from 0.5% to 4.1%, and fatal intracranial bleeding from 0.2% to 2.6% (relative to low dose aspirin therapy). Bleeding is most
        likely during the first three months of treatment, and often follows trauma or unmasks a previously unsuspected comorbidity.
      </text>
                  <author typeCode="AUT" contextControlCode="OP">
                     <time value="20010507"/>
                     <assignedEntity classCode="ASSIGNED">
                        <assignedOrganization classCode="ORG" determinerCode="INSTANCE">
                           <name>Know It All Meds</name>
                        </assignedOrganization>
                     </assignedEntity>
                  </author>
               </detectedIssueDefinition>
            </instantiation>
            <mitigatedBy typeCode="MITGT" contextControlCode="ON" contextConductionInd="false">
               <detectedIssueManagement classCode="ACT" moodCode="DEF">
                  <code code="7" codeSystem="2.16.840.1.113883.5.4"/>
               </detectedIssueManagement>
            </mitigatedBy>
            <mitigatedBy typeCode="MITGT" contextControlCode="ON" contextConductionInd="false">
               <detectedIssueManagement classCode="ACT" moodCode="DEF">
                  <code code="9" codeSystem="2.16.840.1.113883.5.4"/>
               </detectedIssueManagement>
            </mitigatedBy>
            <mitigatedBy typeCode="MITGT" contextControlCode="ON" contextConductionInd="false">
               <detectedIssueManagement classCode="ACT" moodCode="DEF">
                  <code code="12" codeSystem="2.16.840.1.113883.5.4"/>
               </detectedIssueManagement>
            </mitigatedBy>
            <mitigatedBy typeCode="MITGT" contextControlCode="ON" contextConductionInd="false">
               <detectedIssueManagement classCode="ACT" moodCode="DEF">
                  <code code="13" codeSystem="2.16.840.1.113883.5.4"/>
               </detectedIssueManagement>
            </mitigatedBy>
            <subjectOf1 typeCode="SUBJ" contextControlCode="OP" contextConductionInd="false">
               <storageIntent classCode="ACT" moodCode="INT">
                  <code code="STORE" codeSystem="2.16.840.1.113883.5.4"/>
               </storageIntent>
            </subjectOf1>
            <subjectOf2 typeCode="SUBJ" contextControlCode="ON" contextConductionInd="false">
               <severityObservation classCode="OBS" moodCode="EVN">
                  <code code="SEV" codeSystem="2.16.840.1.113883.5.4"/>
                  <statusCode code="completed"/>
                  <value code="H" codeSystem="2.16.840.1.113883.5.1063"/>
               </severityObservation>
            </subjectOf2>
         </detectedIssueEvent>
      </subjectOf>
   </controlActEvent>
</PORX_IN010400CA>