<?xml version="1.0" encoding="UTF-8"?><PORX_IN020100CA xmlns="urn:hl7-org:v3" xmlns:xsi="http://www.w3.org/2001/XMLSchema-instance" ITSVersion="XML_1.0" xsi:schemaLocation="urn:hl7-org:v3 ../Schemas/PORX_IN020100CA.xsd">
   <realmCode code="CA"/>
   <id root="5DA88F17-31EC-93D0-8CB5-D05F676CC752"/>
   <creationTime value="20090915232333.421-0700"/>
   <responseModeCode code="I"/>
   <versionCode code="V3-2008N"/>
   <interactionId root="2.16.840.1.113883.1.18" extension="PORX_IN020100CA" displayable="true"/>
   <profileId use="BUS" root="2.16.840.1.113883.2.20.2" extension="R02.04.02"/>
   <processingCode code="D"/>
   <processingModeCode code="T"/>
   <acceptAckCode code="NE"/>
   <receiver typeCode="RCV">
      <telecom value="http://120.120.122.100"/>
      <device classCode="DEV" determinerCode="INSTANCE">
         <id use="BUS" root="2.16.840.1.113883.19.3.3017.22.5.0.4" extension="DIS02"/>
         <name>Good Neighbor Pharmacy</name>
      </device>
   </receiver>
   <sender typeCode="SND">
      <telecom value="http://100.100.100.100"/>
      <device classCode="DEV" determinerCode="INSTANCE">
         <id use="BUS" root="2.16.840.1.113883.19.3.297.15.37.0.47" extension="DIS01"/>
         <name>Jurisdiction X HIAL</name>
      </device>
   </sender>
   <acknowledgement>
      <typeCode code="AA"/>
      <targetMessage>
         <id root="8234EC07-0D33-126E-F4F6-70984A9E5012"/>
      </targetMessage>
   </acknowledgement>
   <controlActEvent moodCode="EVN" classCode="CACT">
      <id use="BUS" root="2.16.840.1.113883.19.3.297.15.37.1" extension="517577570"/>
      <code codeSystem="2.16.840.1.113883.1.18" code="PORX_TE020140CA"/>
      <statusCode code="completed"/>
      <effectiveTime xsi:type="IVL_TS">
         <low value="20090915232331.421-0700"/>
      </effectiveTime>
      <languageCode code="en" codeSystem="2.16.840.1.113883.6.121"/>
      <recordTarget typeCode="RCT" contextControlCode="AP">
         <patient1 classCode="PAT">
            <id displayable="true" root="2.16.840.1.113883.4.20" extension="666112999"/>
            <patientPerson classCode="PSN" determinerCode="INSTANCE">
               <name use="L" specializationType="PN.BASIC">
                  <family>Nuclear</family>
                  <given>John</given>
                  <prefix>Mr.</prefix>
                  <suffix>II</suffix>
               </name>
               <administrativeGenderCode codeSystem="2.16.840.1.113883.5.1" code="M"/>
               <birthTime value="19480712"/>
            </patientPerson>
         </patient1>
      </recordTarget>
      <subject typeCode="SUBJ" contextControlCode="AN" contextConductionInd="true">
         <actEvent classCode="ACT" moodCode="EVN">
            <id specializationType="II.BUS" use="BUS" root="2.16.840.1.113883.19.3.297.15.37.1" extension="KHZPL4"/>
            <id specializationType="II.VER" use="VER" root="CD28066A-4000-B73A-8C0D-6E658B647B00"/>
         </actEvent>
      </subject>
      <subjectOf typeCode="SUBJ" contextControlCode="AP" contextConductionInd="false">
         <detectedIssueEvent classCode="ALRT" moodCode="EVN">
            <code code="FRAUD" codeSystem="2.16.840.1.113883.5.4"/>
            <text>potential fraud</text>
            <statusCode code="completed"/>
            <priorityCode code="E" codeSystem="2.16.840.1.113883.5.1082"/>
            <subject contextConductionInd="false" contextControlCode="ON" typeCode="SUBJ">
               <supplyEvent classCode="SPLY" moodCode="EVN">
                  <id xsi:type="II" specializationType="II.BUS" root="72FE408D-0CB2-476D-A490-B2A69751074F" use="BUS"/>
                  <statusCode code="suspended"/>
                  <effectiveTime xsi:type="IVL_TS" specializationType="IVL.HIGH_TS.FULLDATE">
                     <high specializationType="TS.FULLDATE" value="20081215"/>
                  </effectiveTime>
                  <confidentialityCode code="N" codeSystem="2.16.840.1.113883.5.25"/>
                  <product typeCode="PRD">
                     <medication classCode="ADMM">
                        <administerableMedicine classCode="MMAT" determinerCode="KIND">
                           <code code="3597005" codeSystem="2.16.840.1.113883.6.96"/>
                           <name>Sectral</name>
                           <desc>acebutolol hydrochloride</desc>
                           <formCode code="ORCAP" codeSystem="2.16.840.1.113883.1.11.14570"/>
                           <asContent classCode="CONT">
                              <quantity xsi:type="PQ" specializationType="PQ.DRUG" value="100"/>
                              <containerPackagedMedicine classCode="CONT" determinerCode="KIND">
                                 <formCode code="BLSTRPK" codeSystem="2.16.840.1.113883.5.1060"/>
                              </containerPackagedMedicine>
                           </asContent>
                           <ingredient classCode="INGR" negationInd="false">
                              <quantity unit="mg" value="400"/>
                              <ingredient classCode="MMAT" determinerCode="KIND">
                                 <code code="3597005" codeSystem="2.16.840.1.113883.6.96"/>
                                 <name>acebutolol hydrochloride</name>
                              </ingredient>
                           </ingredient>
                        </administerableMedicine>
                     </medication>
                  </product>
                  <location typeCode="LOC">
                     <serviceDeliveryLocation classCode="SDLOC">
                        <id xsi:type="II" specializationType="II.PUBLIC" displayable="true" extension="Store#1" root="A9D81BED-B1BD-4FDB-B0B5-134D0A5404BB"/>
                        <code code="PHARM" codeSystem="2.16.840.1.113883.5.111"/>
                        <addr use="WP PST" xsi:type="AD" specializationType="AD.BASIC">
	 Unit 20 301 Main Street N<delimiter/>
                           <city>Toronto</city>
                           <state code="ON" codeSystem="2.16.840.1.113883.2.20.5.2">Ontario</state>
                           <postalCode>M2K2J1</postalCode>
                           <delimiter/>
                           <country code="CA" codeSystem="2.16.840.1.114884.5.28">Canada</country>
                        </addr>
                        <telecom specializationType="TEL.PHONE" use="WP MC" value="Tel:+1(416)647-8967"/>
                        <location classCode="PLC" determinerCode="INSTANCE">
                           <name>ADI Pharmacy</name>
                        </location>
                     </serviceDeliveryLocation>
                  </location>
                  <inFulfillmentOf typeCode="FLFS">
                     <substanceAdministrationEvent classCode="SBADM" moodCode="EVN">
                        <id root="3AECA6FB-925B-4B7F-922D-C41DB915F2E7" use="BUS"/>
                     </substanceAdministrationEvent>
                  </inFulfillmentOf>
               </supplyEvent>
            </subject>
            <triggerFor contextConductionInd="false" contextControlCode="ON" typeCode="TRIG">
               <actRequest classCode="ACT" moodCode="RQO"/>
            </triggerFor>
            <subjectOf2 contextConductionInd="false" contextControlCode="ON" typeCode="SUBJ">
               <severityObservation classCode="OBS" moodCode="EVN">
                  <code code="SEV" codeSystem="2.16.840.1.113883.5.4"/>
                  <statusCode code="completed"/>
                  <value code="24484000" codeSystem="2.16.840.1.113883.6.96"/>
               </severityObservation>
            </subjectOf2>
         </detectedIssueEvent>
      </subjectOf>
   </controlActEvent>
</PORX_IN020100CA>