<?xml version="1.0" encoding="UTF-8"?><FICR_IN500102CA xmlns="urn:hl7-org:v3" xmlns:xsi="http://www.w3.org/2001/XMLSchema-instance" ITSVersion="XML_1.0" xsi:schemaLocation="urn:hl7-org:v3 ../Schemas/FICR_IN500102CA.xsd"><!--
    - Note: This is an example instance.  In a real instance the following differences would apply
    -     1. There would be no schema declaration.  (Receivers will validate against their own schemas)
    -     2. Example OIDs would be replaced by real OIDs
    -     3. Processing mode would be Production, not Debug
    -     4. Data would be real values :>
  --><realmCode code="CA"/>
   <id root="B83DC659-12EA-5FD8-F217-ECED03A54E87"/>
   <creationTime value="20090916224225.531-0700"/>
   <responseModeCode code="I"/>
   <versionCode code="V3-2008N"/>
   <interactionId root="2.16.840.1.113883.1.18" extension="FICR_IN500102CA" displayable="true"/>
   <profileId use="BUS" root="2.16.840.1.113883.2.20.2" extension="R02.04.02"/>
   <processingCode code="D"/>
   <processingModeCode code="T"/>
   <acceptAckCode code="NE"/>
   <receiver typeCode="RCV">
      <telecom value="http://100.100.100.100"/>
      <device classCode="DEV" determinerCode="INSTANCE">
         <id use="BUS" root="2.16.840.1.113883.19.3.297.15.37.0.47" extension="DIS01"/>
         <name>Jurisdiction X HIAL</name>
      </device>
   </receiver>
   <sender typeCode="SND">
      <telecom value="http://120.120.122.100"/>
      <device classCode="DEV" determinerCode="INSTANCE">
         <id use="BUS" root="2.16.840.1.113883.19.3.3017.22.5.0.4" extension="DIS02"/>
         <name>Good Neighbor Pharmacy</name>
      </device>
   </sender>
   <controlActEvent classCode="CACT" moodCode="EVN">
      <id use="BUS" root="2.16.840.1.113883.19.3.3017.22.5.1" extension="2113972700"/>
      <code codeSystem="2.16.840.1.113883.1.18" code="FICR_TE500101CA"/>
      <statusCode code="completed"/>
      <effectiveTime>
         <low value="20090916224225.531-0700"/>
      </effectiveTime>
      <languageCode code="en" codeSystem="2.16.840.1.113883.6.121"/>
      <recordTarget typeCode="RCT" contextControlCode="AP">
         <patient1 classCode="PAT">
            <id displayable="true" root="2.16.840.1.113883.4.20" extension="666112999"/>
            <patientPerson classCode="PSN" determinerCode="INSTANCE">
               <name use="L" specializationType="PN.BASIC">
                  <family>Nuclear</family>
                  <given>John</given>
                  <prefix>Mr.</prefix>
                  <suffix>II</suffix>
               </name>
               <administrativeGenderCode codeSystem="2.16.840.1.113883.5.1" code="M"/>
               <birthTime value="19480712"/>
            </patientPerson>
         </patient1>
      </recordTarget>
      <author typeCode="AUT" contextControlCode="AP">
         <time value="20090916224225.531-0700"/>
         <assignedEntity1 classCode="ASSIGNED">
            <id xsi:type="II" specializationType="II.PUBLIC" displayable="true" extension="222339999" root="2.16.840.1.113883.19.4.207"/>
            <assignedPerson classCode="PSN" determinerCode="INSTANCE">
               <name use="L" xsi:type="PN" specializationType="PN.BASIC">
                  <prefix>Dr.</prefix>
                  <given>Fay</given>
                  <given qualifier="IN">F</given>
                  <family>Family</family>
               </name>
               <asHealthCareProvider classCode="PROV">
                  <id xsi:type="II" specializationType="II.PUBLIC" displayable="true" extension="200202888" root="2.16.840.1.113883.4.41"/>
               </asHealthCareProvider>
            </assignedPerson>
         </assignedEntity1>
      </author>
      <location typeCode="LOC" contextControlCode="AP">
         <serviceDeliveryLocation classCode="SDLOC">
            <id xsi:type="II" specializationType="II.PUBLIC" extension="8-66733-1" displayable="true" root="2.16.840.1.113883.19.3.291.3"/>
            <location classCode="PLC" determinerCode="INSTANCE">
               <name>Good Health Clinic</name>
            </location>
         </serviceDeliveryLocation>
      </location>
      <subject contextConductionInd="false" contextControlCode="AN" typeCode="SUBJ">
         <paymentRequest classCode="XACT" moodCode="PRP">
            <id displayable="true" specializationType="II.PUBLIC" root="2.16.840.1.113883.19.3.3017.22.5.20" extension="Q921JE1"/>
            <amt currency="CAD" value="105.20"/>
            <primaryPerformer typeCode="PPRF">
               <contactParty classCode="CON">
                  <code code="BILL" codeSystem="2.16.840.1.113883.5.111"/>
                  <contactPerson classCode="PSN" determinerCode="INSTANCE">
                     <name use="L">
                        <given>Adam</given>
                        <family>Everyman</family>
                     </name>
                  </contactPerson>
               </contactParty>
            </primaryPerformer>
            <credit typeCode="CREDIT">
               <account classCode="ACCT" moodCode="EVN">
                  <code code="ACCTRECEIVABLE" codeSystem="2.16.840.1.113883.5.4"/>
                  <holder typeCode="HLD">
                     <payeeRole classCode="PAYEE">
                        <id root="795BD96F-52C2-43DE-A97A-E5C8FF4EA85A" use="BUS"/>
                        <payeePerson classCode="PSN" determinerCode="INSTANCE">
                           <name use="L">
                              <given>Adam</given>
                              <family>Everyman</family>
                           </name>
                           <asPayeeRelationshipRole classCode="COVPTY"/>
                           <payeeLanguage>
                              <languageCode code="en" codeSystem="2.16.840.1.113883.6.121"/>
                              <modeCode code="ESGN" codeSystem="2.16.840.1.113883.5.60"/>
                              <preferenceInd value="false"/>
                           </payeeLanguage>
                        </payeePerson>
                     </payeeRole>
                  </holder>
               </account>
            </credit>
            <debit typeCode="DEBIT">
               <account classCode="ACCT" moodCode="EVN">
                  <holder typeCode="HLD">
                     <payorRole classCode="PAYOR">
                        <id root="2B86C263-E3EB-4D5B-A6D9-E182AD8612D4" use="BUS"/>
                     </payorRole>
                  </holder>
               </account>
            </debit>
            <reasonOf typeCode="RSON">
               <invoiceElementGroup classCode="INVE" moodCode="RQO">
                  <id specializationType="II.BUS" use="BUS" root="2.16.840.1.113883.19.3.3017.22.5.20" extension="Q921JE1"/>
                  <code code="CPINV" codeSystem="2.16.840.1.113883.5.4"/>
                  <netAmt currency="CAD" value="105.20"/>
                  <coveredParty typeCode="BEN">
                     <coveredPartyAsPatient classCode="COVPTY">
                        <id root="4AB4AF09-F9BC-4493-9F76-5DBD43DBD918" use="BUS"/>
                        <code code="STUD" codeSystem="2.16.840.1.113883.5.111"/>
                        <coveredPartyAsPatientPerson classCode="PSN" determinerCode="INSTANCE">
                           <name use="L">
                              <given>Jim</given>
                              <family>Smith</family>
                           </name>
                        </coveredPartyAsPatientPerson>
                     </coveredPartyAsPatient>
                  </coveredParty>
                  <component typeCode="COMP">
                     <sequenceNumber value="1"/>
                     <invoiceElementDetail classCode="INVE" moodCode="RQO">
                        <id root="FCD10093-E838-4387-B1EF-171B803A3EB9" use="BUS"/>
                        <code code="AFTHRS" codeSystem="2.16.840.1.113883.5.4"/>
                        <unitQuantity value="2"/>
                        <unitPriceAmt>
                           <numerator currency="CAD" value="35.81"/>
                           <denominator value="1"/>
                        </unitPriceAmt>
                        <netAmt currency="CAD" value="75.20"/>
                        <factorNumber value="0.05"/>
                     </invoiceElementDetail>
                  </component>
                  <component typeCode="COMP">
                     <sequenceNumber value="2"/>
                     <invoiceElementDetail classCode="INVE" moodCode="RQO">
                        <id root="FCD10093-E838-4387-B1EF-171B803A3EB9" use="BUS"/>
                        <code code="AFTHRS" codeSystem="2.16.840.1.113883.5.4"/>
                        <unitQuantity value="1"/>
                        <unitPriceAmt nullFlavor="UNK"/>
                        <netAmt currency="CAD" value="30.00"/>
                     </invoiceElementDetail>
                  </component>
                  <reasonOf typeCode="RSON">
                     <supplyEvent1 classCode="SPLY" moodCode="EVN">
                        <code code="LOAN" codeSystem="2.16.840.1.113883.5.4"/>
                        <effectiveTime xsi:type="IVL_TS">
                           <low value="20090916224225.531-0700"/>
                        </effectiveTime>
                        <product typeCode="PRD">
                           <manufacturedProduct classCode="MANU">
                              <code code="B01AA03" codeSystem="2.16.840.1.113883.6.73"/>
                           </manufacturedProduct>
                        </product>
                     </supplyEvent1>
                  </reasonOf>
               </invoiceElementGroup>
            </reasonOf>
         </paymentRequest>
      </subject>
   </controlActEvent>
</FICR_IN500102CA>