<?xml version="1.0" encoding="UTF-8"?><REPC_IN000016CA xmlns="urn:hl7-org:v3" xmlns:xsi="http://www.w3.org/2001/XMLSchema-instance" ITSVersion="XML_1.0" xsi:schemaLocation="urn:hl7-org:v3 ../Schemas/REPC_IN000016CA.xsd">
   <realmCode code="CA"/>
   <id root="D614C866-4DAD-FC2B-B49D-E5E12A39E946"/>
   <creationTime value="20090915225029.281-0700"/>
   <responseModeCode code="I"/>
   <versionCode code="V3-2008N"/>
   <interactionId root="2.16.840.1.113883.1.18" extension="REPC_IN000016CA" displayable="true"/>
   <profileId use="BUS" root="2.16.840.1.113883.2.20.2" extension="R02.04.02"/>
   <processingCode code="D"/>
   <processingModeCode code="T"/>
   <acceptAckCode code="NE"/>
   <receiver typeCode="RCV">
      <telecom value="http://120.120.120.120"/>
      <device classCode="DEV" determinerCode="INSTANCE">
         <id use="BUS" root="2.16.840.1.113883.19.3.207.15.1.0.3" extension="DIS01"/>
         <name>Good Health Clinic</name>
      </device>
   </receiver>
   <sender typeCode="SND">
      <telecom value="http://100.100.100.100"/>
      <device classCode="DEV" determinerCode="INSTANCE">
         <id use="BUS" root="2.16.840.1.113883.19.3.297.15.37.0.47" extension="DIS01"/>
         <name>Jurisdiction X HIAL</name>
      </device>
   </sender>
   <acknowledgement>
      <typeCode code="AA"/>
      <targetMessage>
         <id root="40ABB391-DC92-06C2-75F5-6C7B55A142DB"/>
      </targetMessage>
   </acknowledgement>
   <controlActEvent moodCode="EVN" classCode="CACT">
      <id use="BUS" root="2.16.840.1.113883.19.3.297.15.37.1" extension="307097325"/>
      <code codeSystem="2.16.840.1.113883.1.18" code="REPC_TE000007CA"/>
      <statusCode code="completed"/>
      <effectiveTime xsi:type="IVL_TS">
         <low value="20090915225028.281-0700"/>
      </effectiveTime>
      <languageCode code="en" codeSystem="2.16.840.1.113883.6.121"/>
      <recordTarget typeCode="RCT" contextControlCode="AP">
         <patient1 classCode="PAT">
            <id displayable="true" root="2.16.840.1.113883.4.20" extension="666112999"/>
            <patientPerson classCode="PSN" determinerCode="INSTANCE">
               <name use="L" specializationType="PN.BASIC">
                  <family>Nuclear</family>
                  <given>John</given>
                  <prefix>Mr.</prefix>
                  <suffix>II</suffix>
               </name>
               <administrativeGenderCode codeSystem="2.16.840.1.113883.5.1" code="M"/>
               <birthTime value="19480712"/>
            </patientPerson>
         </patient1>
      </recordTarget>
      <subject typeCode="SUBJ" contextControlCode="AN" contextConductionInd="true">
         <intoleranceCondition classCode="COND" moodCode="EVN" negationInd="false">
            <id displayable="true" extension="?" root="657428A0-B4DE-474E-9BDB-E55A8E650FF8"/>
            <code code="FNAINT" codeSystem="2.16.840.1.113883.1.11.19700"/>
            <statusCode code="active"/>
            <effectiveTime value="20090108"/>
            <confidentialityCode code="N" codeSystem="2.16.840.1.113883.5.25"/>
            <uncertaintyCode code="N" codeSystem="2.16.840.1.113883.5.1053"/>
            <value code="NDA03" codeSystem="2.16.840.1.113883.5.1060"/>
            <author contextControlCode="AP" typeCode="AUT">
               <time value="20090108221026-0700"/>
               <assignedEntity classCode="ASSIGNED">
                  <id xsi:type="II" specializationType="II.PUBLIC" displayable="true" extension="999222222" root="2.16.840.1.113883.19.4.207"/>
                  <code code="PHYS" codeSystem="2.16.840.1.113883.5.111"/>
                  <assignedPerson classCode="PSN" determinerCode="INSTANCE">
                     <name use="L" xsi:type="PN" specializationType="PN.BASIC">
                        <prefix>Dr.</prefix>
                        <given>Irving</given>
                        <given qualifier="IN">I</given>
                        <family>Intern</family>
                     </name>
                     <asHealthCareProvider classCode="PROV">
                        <id xsi:type="II" specializationType="II.PUBLIC" displayable="true" extension="200203999" root="2.16.840.1.113883.4.41"/>
                     </asHealthCareProvider>
                  </assignedPerson>
               </assignedEntity>
            </author>
            <informant contextControlCode="AP" typeCode="INF">
               <time value="20090108"/>
               <patient classCode="PAT">
                  <id displayable="true" root="2.16.840.1.113883.4.20" extension="666112999"/>
                  <patientPerson classCode="PSN" determinerCode="INSTANCE">
                     <name use="L" specializationType="PN.BASIC">
                        <family>Nuclear</family>
                        <given>John</given>
                        <prefix>Mr.</prefix>
                        <suffix>II</suffix>
                     </name>
                     <administrativeGenderCode codeSystem="2.16.840.1.113883.5.1" code="M"/>
                     <birthTime value="19480712"/>
                  </patientPerson>
               </patient>
            </informant>
            <location contextControlCode="AP" typeCode="LOC">
               <serviceDeliveryLocation classCode="SDLOC">
                  <id displayable="true" extension="7-865733-2" root="2.16.840.1.113883.19.3.291.3"/>
                  <code code="OF" codeSystem="2.16.840.1.113883.5.111"/>
                  <addr use="PHYS">1001 Village Avenue<delimiter/>
                     <city>Ann Arbor</city>
                     <state>MI</state>
                     <postalCode>99999</postalCode>
                  </addr>
                  <telecom use="WP" value="tel:+1-555-555-4001"/>
                  <location classCode="PLC" determinerCode="INSTANCE">
                     <name>Community Urgent Care</name>
                  </location>
               </serviceDeliveryLocation>
            </location>
            <subjectOf1 contextConductionInd="false" contextControlCode="AN" typeCode="SUBJ">
               <severityObservation classCode="OBS" moodCode="EVN">
                  <code code="SEV" codeSystem="2.16.840.1.113883.5.4"/>
                  <statusCode code="completed"/>
                  <value code="24484000" codeSystem="2.16.840.1.113883.6.96"/>
               </severityObservation>
            </subjectOf1>
         </intoleranceCondition>
      </subject>
      <subject typeCode="SUBJ" contextControlCode="AN" contextConductionInd="true">
         <intoleranceCondition classCode="COND" moodCode="EVN" negationInd="false">
            <id displayable="true" extension="?" root="657428A0-B4DE-474E-9BDB-E55A8E650FF8"/>
            <code code="DALG" codeSystem="2.16.840.1.113883.1.11.19700"/>
            <statusCode code="active"/>
            <effectiveTime value="20090108"/>
            <confidentialityCode code="N" codeSystem="2.16.840.1.113883.5.25"/>
            <uncertaintyCode code="N" codeSystem="2.16.840.1.113883.5.1053"/>
            <value code="372661004" codeSystem="2.16.840.1.113883.6.96"/>
            <author contextControlCode="AP" typeCode="AUT">
               <time value="20090108221026-0700"/>
               <assignedEntity classCode="ASSIGNED">
                  <id xsi:type="II" specializationType="II.PUBLIC" displayable="true" extension="999222222" root="2.16.840.1.113883.19.4.207"/>
                  <code code="PHYS" codeSystem="2.16.840.1.113883.5.111"/>
                  <assignedPerson classCode="PSN" determinerCode="INSTANCE">
                     <name use="L" xsi:type="PN" specializationType="PN.BASIC">
                        <prefix>Dr.</prefix>
                        <given>Irving</given>
                        <given qualifier="IN">I</given>
                        <family>Intern</family>
                     </name>
                     <asHealthCareProvider classCode="PROV">
                        <id xsi:type="II" specializationType="II.PUBLIC" displayable="true" extension="200203999" root="2.16.840.1.113883.4.41"/>
                     </asHealthCareProvider>
                  </assignedPerson>
               </assignedEntity>
            </author>
            <informant contextControlCode="AP" typeCode="INF">
               <time value="20090108"/>
               <assignedEntity classCode="ASSIGNED">
                  <id xsi:type="II" specializationType="II.PUBLIC" displayable="true" extension="777222222" root="2.16.840.1.113883.19.4.207"/>
                  <code code="PHYS" codeSystem="2.16.840.1.113883.5.111"/>
                  <assignedPerson classCode="PSN" determinerCode="INSTANCE">
                     <name use="L" xsi:type="PN" specializationType="PN.BASIC">
                        <prefix>Dr.</prefix>
                        <given>Irving</given>
                        <given qualifier="IN">I</given>
                        <family>Intern</family>
                     </name>
                     <asHealthCareProvider classCode="PROV">
                        <id xsi:type="II" specializationType="II.PUBLIC" displayable="true" extension="200203777" root="2.16.840.1.113883.4.41"/>
                     </asHealthCareProvider>
                  </assignedPerson>
               </assignedEntity>
            </informant>
            <location contextControlCode="AP" typeCode="LOC">
               <serviceDeliveryLocation classCode="SDLOC">
                  <id displayable="true" extension="7-1234500-1" root="2.16.840.1.113883.19.3.291.3"/>
                  <code code="OF" codeSystem="2.16.840.1.113883.5.111"/>
                  <addr use="PHYS">1000 Hospital Lane<delimiter/>
                     <city>Ann Arbor</city>
                     <state>MI</state>
                     <postalCode>99999</postalCode>
                  </addr>
                  <telecom use="WP" value="tel:+1-555-555-3013;postd=999"/>
                  <location classCode="PLC" determinerCode="INSTANCE">
                     <name>GHH Outpatient Clinic</name>
                  </location>
               </serviceDeliveryLocation>
            </location>
            <subjectOf1 contextConductionInd="false" contextControlCode="AN" typeCode="SUBJ">
               <severityObservation classCode="OBS" moodCode="EVN">
                  <code code="SEV" codeSystem="2.16.840.1.113883.5.4"/>
                  <statusCode code="completed"/>
                  <value code="24484000" codeSystem="2.16.840.1.113883.6.96"/>
               </severityObservation>
            </subjectOf1>
         </intoleranceCondition>
      </subject>
      <queryAck>
         <queryId root="B9153BD7-1674-665D-CBB0-2D5BB12F87B2"/>
         <queryResponseCode code="NF"/>
         <resultTotalQuantity value="0"/>
         <resultCurrentQuantity value="0"/>
         <resultRemainingQuantity value="0"/>
      </queryAck>
      <queryByParameter>
         <queryId root="B9153BD7-1674-665D-CBB0-2D5BB12F87B2"/>
         <parameterList>
            <includeNotesIndicator>
               <value value="true"/>
            </includeNotesIndicator>
         </parameterList>
      </queryByParameter>
   </controlActEvent>
</REPC_IN000016CA>