<?xml version="1.0" encoding="UTF-8"?><REPC_IN000018CA xmlns="urn:hl7-org:v3" xmlns:xsi="http://www.w3.org/2001/XMLSchema-instance" ITSVersion="XML_1.0" xsi:schemaLocation="urn:hl7-org:v3 ../Schemas/REPC_IN000018CA.xsd">
   <realmCode code="CA"/>
   <id root="FF37230D-1600-25D1-C38A-B6D5CB9A900F"/>
   <creationTime value="20090915225029.828-0700"/>
   <responseModeCode code="I"/>
   <versionCode code="V3-2008N"/>
   <interactionId root="2.16.840.1.113883.1.18" extension="REPC_IN000018CA" displayable="true"/>
   <profileId use="BUS" root="2.16.840.1.113883.2.20.2" extension="R02.04.02"/>
   <processingCode code="D"/>
   <processingModeCode code="T"/>
   <acceptAckCode code="NE"/>
   <receiver typeCode="RCV">
      <telecom value="http://120.120.120.120"/>
      <device classCode="DEV" determinerCode="INSTANCE">
         <id use="BUS" root="2.16.840.1.113883.19.3.207.15.1.0.3" extension="DIS01"/>
         <name>Good Health Clinic</name>
      </device>
   </receiver>
   <sender typeCode="SND">
      <telecom value="http://100.100.100.100"/>
      <device classCode="DEV" determinerCode="INSTANCE">
         <id use="BUS" root="2.16.840.1.113883.19.3.297.15.37.0.47" extension="DIS01"/>
         <name>Jurisdiction X HIAL</name>
      </device>
   </sender>
   <acknowledgement>
      <typeCode code="AA"/>
      <targetMessage>
         <id root="A3E25DF2-A56C-2AAB-76D0-F57D11C8FF6B"/>
      </targetMessage>
   </acknowledgement>
   <controlActEvent moodCode="EVN" classCode="CACT">
      <id use="BUS" root="2.16.840.1.113883.19.3.297.15.37.1" extension="13421753235416"/>
      <code codeSystem="2.16.840.1.113883.1.18" code="REPC_TE000009CA"/>
      <statusCode code="completed"/>
      <effectiveTime xsi:type="IVL_TS">
         <low value="20090915225028.828-0700"/>
      </effectiveTime>
      <languageCode code="en" codeSystem="2.16.840.1.113883.6.121"/>
      <recordTarget typeCode="RCT" contextControlCode="AP">
         <patient1 classCode="PAT">
            <id displayable="true" root="2.16.840.1.113883.4.20" extension="666112999"/>
            <patientPerson classCode="PSN" determinerCode="INSTANCE">
               <name use="L" specializationType="PN.BASIC">
                  <family>Nuclear</family>
                  <given>John</given>
                  <prefix>Mr.</prefix>
                  <suffix>II</suffix>
               </name>
               <administrativeGenderCode codeSystem="2.16.840.1.113883.5.1" code="M"/>
               <birthTime value="19480712"/>
            </patientPerson>
         </patient1>
      </recordTarget>
      <subject typeCode="SUBJ" contextControlCode="AN" contextConductionInd="true">
         <intoleranceCondition classCode="COND" moodCode="EVN" negationInd="false">
            <id displayable="true" extension="123" root="3795BFF6-4472-4C11-A9A1-B71EC9ADAD8B"/>
            <code code="235719002" codeSystem="2.16.840.1.113883.6.96"/>
            <statusCode code="aborted"/>
            <effectiveTime value="20090108"/>
            <confidentialityCode code="N" codeSystem="2.16.840.1.113883.5.25"/>
            <uncertaintyCode code="N" codeSystem="2.16.840.1.113883.5.1053"/>
            <value code="NDA01" codeSystem="2.16.840.1.113883.5.1060"/>
            <responsibleParty contextControlCode="AP" typeCode="RESP">
               <assignedEntity classCode="ASSIGNED">
                  <id xsi:type="II" specializationType="II.PUBLIC" displayable="true" extension="444222222" root="2.16.840.1.113883.19.4.207"/>
                  <code code="PHYS" codeSystem="2.16.840.1.113883.5.111"/>
                  <assignedPerson classCode="PSN" determinerCode="INSTANCE">
                     <name use="L" xsi:type="PN" specializationType="PN.BASIC">
                        <prefix>Dr.</prefix>
                        <given>Irving</given>
                        <given qualifier="IN">I</given>
                        <family>Intern</family>
                     </name>
                     <asHealthCareProvider classCode="PROV">
                        <id xsi:type="II" specializationType="II.PUBLIC" displayable="true" extension="200203444" root="2.16.840.1.113883.4.41"/>
                     </asHealthCareProvider>
                  </assignedPerson>
               </assignedEntity>
            </responsibleParty>
            <author contextControlCode="AP" typeCode="AUT">
               <time value="20090108220755-0700"/>
               <assignedEntity classCode="ASSIGNED">
                  <id xsi:type="II" specializationType="II.PUBLIC" displayable="true" extension="555222222" root="2.16.840.1.113883.19.4.207"/>
                  <code code="PHYS" codeSystem="2.16.840.1.113883.5.111"/>
                  <assignedPerson classCode="PSN" determinerCode="INSTANCE">
                     <name use="L" xsi:type="PN" specializationType="PN.BASIC">
                        <prefix>Dr.</prefix>
                        <given>Irving</given>
                        <given qualifier="IN">I</given>
                        <family>Intern</family>
                     </name>
                     <asHealthCareProvider classCode="PROV">
                        <id xsi:type="II" specializationType="II.PUBLIC" displayable="true" extension="200203555" root="2.16.840.1.113883.4.41"/>
                     </asHealthCareProvider>
                  </assignedPerson>
               </assignedEntity>
            </author>
            <informant contextControlCode="AP" typeCode="INF">
               <time value="20090108"/>
               <patient classCode="PAT">
                  <id displayable="true" root="2.16.840.1.113883.4.20" extension="666112999"/>
                  <patientPerson classCode="PSN" determinerCode="INSTANCE">
                     <name use="L" specializationType="PN.BASIC">
                        <family>Nuclear</family>
                        <given>John</given>
                        <prefix>Mr.</prefix>
                        <suffix>II</suffix>
                     </name>
                     <administrativeGenderCode codeSystem="2.16.840.1.113883.5.1" code="M"/>
                     <birthTime value="19480712"/>
                  </patientPerson>
               </patient>
            </informant>
            <location contextControlCode="AP" typeCode="LOC">
               <serviceDeliveryLocation classCode="SDLOC">
                  <id displayable="true" extension="7-865733-2" root="2.16.840.1.113883.19.3.291.3"/>
                  <code code="OF" codeSystem="2.16.840.1.113883.5.111"/>
                  <addr use="PHYS">1001 Village Avenue<delimiter/>
                     <city>Ann Arbor</city>
                     <state>MI</state>
                     <postalCode>99999</postalCode>
                  </addr>
                  <telecom use="WP" value="tel:+1-555-555-4001"/>
                  <location classCode="PLC" determinerCode="INSTANCE">
                     <name>Community Urgent Care</name>
                  </location>
               </serviceDeliveryLocation>
            </location>
            <replacementOf contextConductionInd="true" contextControlCode="AN" typeCode="RPLC">
               <intoleranceCondition classCode="COND" moodCode="EVN" negationInd="false">
                  <id displayable="true" extension="?" root="CCC0B6F9-D964-4BFC-9AC8-B11FB6796A88"/>
                  <code code="419452009" codeSystem="2.16.840.1.113883.6.96"/>
                  <statusCode code="aborted"/>
                  <effectiveTime value="20090108"/>
                  <confidentialityCode code="N" codeSystem="2.16.840.1.113883.5.25"/>
                  <uncertaintyCode code="N" codeSystem="2.16.840.1.113883.5.1053"/>
                  <value code="NDA04" codeSystem="2.16.840.1.113883.5.1060"/>
                  <responsibleParty contextControlCode="AP" typeCode="RESP">
                     <assignedEntity classCode="ASSIGNED">
                        <id xsi:type="II" specializationType="II.PUBLIC" displayable="true" extension="999222222" root="2.16.840.1.113883.19.4.207"/>
                        <code code="PHYS" codeSystem="2.16.840.1.113883.5.111"/>
                        <assignedPerson classCode="PSN" determinerCode="INSTANCE">
                           <name use="L" xsi:type="PN" specializationType="PN.BASIC">
                              <prefix>Dr.</prefix>
                              <given>Irving</given>
                              <given qualifier="IN">I</given>
                              <family>Intern</family>
                           </name>
                           <asHealthCareProvider classCode="PROV">
                              <id xsi:type="II" specializationType="II.PUBLIC" displayable="true" extension="200203999" root="2.16.840.1.113883.4.41"/>
                           </asHealthCareProvider>
                        </assignedPerson>
                     </assignedEntity>
                  </responsibleParty>
                  <author contextControlCode="AP" typeCode="AUT">
                     <time value="20090108220757-0700"/>
                     <assignedEntity classCode="ASSIGNED">
                        <id xsi:type="II" specializationType="II.PUBLIC" displayable="true" extension="777222222" root="2.16.840.1.113883.19.4.207"/>
                        <code code="PHYS" codeSystem="2.16.840.1.113883.5.111"/>
                        <assignedPerson classCode="PSN" determinerCode="INSTANCE">
                           <name use="L" xsi:type="PN" specializationType="PN.BASIC">
                              <prefix>Dr.</prefix>
                              <given>Irving</given>
                              <given qualifier="IN">I</given>
                              <family>Intern</family>
                           </name>
                           <asHealthCareProvider classCode="PROV">
                              <id xsi:type="II" specializationType="II.PUBLIC" displayable="true" extension="200203777" root="2.16.840.1.113883.4.41"/>
                           </asHealthCareProvider>
                        </assignedPerson>
                     </assignedEntity>
                  </author>
                  <informant contextControlCode="AP" typeCode="INF">
                     <time value="20090108"/>
                     <patient classCode="PAT">
                        <id displayable="true" root="2.16.840.1.113883.4.20" extension="666112999"/>
                        <patientPerson classCode="PSN" determinerCode="INSTANCE">
                           <name use="L" specializationType="PN.BASIC">
                              <family>Nuclear</family>
                              <given>John</given>
                              <prefix>Mr.</prefix>
                              <suffix>II</suffix>
                           </name>
                           <administrativeGenderCode codeSystem="2.16.840.1.113883.5.1" code="M"/>
                           <birthTime value="19480712"/>
                        </patientPerson>
                     </patient>
                  </informant>
                  <location contextControlCode="AP" typeCode="LOC">
                     <serviceDeliveryLocation classCode="SDLOC">
                        <id displayable="true" extension="7-865722-2" root="2.16.840.1.113883.19.3.291.3"/>
                        <code code="PHARM" codeSystem="2.16.840.1.113883.5.111"/>
                        <addr use="PHYS">2222 Village Avenue<delimiter/>
                           <city>Ann Arbor</city>
                           <state>MI</state>
                           <postalCode>99999</postalCode>
                        </addr>
                        <telecom use="WP" value="tel:+1-555-555-4002"/>
                        <location classCode="PLC" determinerCode="INSTANCE">
                           <name>Good Neighbor Pharmacy</name>
                        </location>
                     </serviceDeliveryLocation>
                  </location>
                  <support contextConductionInd="true" contextControlCode="AN" typeCode="SPRT">
                     <causalityAssessment classCode="OBS" moodCode="EVN">
                        <code code="ASSERTION" codeSystem="2.16.840.1.113883.5.4"/>
                        <statusCode code="completed"/>
                        <value code="RELATED" codeSystem="2.16.840.1.113883.2.20.5"/>
                        <subject contextConductionInd="true" contextControlCode="AN" typeCode="SUBJ">
                           <observationEvent classCode="OBS" moodCode="EVN" negationInd="false">
                              <id root="76303058-AEBD-4234-9EE6-2CAF9E71570B" use="BUS"/>
                              <code code="ASSERTION" codeSystem="2.16.840.1.113883.5.4"/>
                              <text>Violent reaction to peanut butter</text>
                              <statusCode code="completed"/>
                              <effectiveTime>
                                 <low value="20090108"/>
                              </effectiveTime>
                              <value code="241938005" codeSystem="2.16.840.1.113883.6.96"/>
                              <subjectOf contextConductionInd="false" contextControlCode="AN" typeCode="SUBJ">
                                 <severityObservation classCode="OBS" moodCode="EVN">
                                    <code code="SEV" codeSystem="2.16.840.1.113883.5.4"/>
                                    <statusCode code="completed"/>
                                    <value code="24484000" codeSystem="2.16.840.1.113883.6.96"/>
                                 </severityObservation>
                              </subjectOf>
                           </observationEvent>
                        </subject>
                        <startsAfterStartOf contextConductionInd="true" contextControlCode="AN" typeCode="SAS">
                           <exposureEvent classCode="SBADM" moodCode="EVN">
                              <id root="C4CAA987-F3A1-46EF-ABCD-4EFD6D463A22" use="BUS"/>
                              <routeCode code="AMNINJ" codeSystem="2.16.840.1.113883.5.112"/>
                              <consumable contextControlCode="AN" typeCode="CSM">
                                 <administerableMaterial classCode="ADMM">
                                    <administerableMaterialKind classCode="MAT" determinerCode="KIND">
                                       <code code="NDA01" codeSystem="2.16.840.1.113883.5.1060"/>
                                    </administerableMaterialKind>
                                 </administerableMaterial>
                              </consumable>
                           </exposureEvent>
                        </startsAfterStartOf>
                     </causalityAssessment>
                  </support>
                  <subjectOf1 contextConductionInd="false" contextControlCode="AN" typeCode="SUBJ">
                     <controlActEvent classCode="CACT" moodCode="EVN">
                        <code codeSystem="2.16.840.1.113883.1.18" code="REPC_TE000009CA"/>
                        <statusCode code="completed"/>
                        <effectiveTime value="20090108"/>
                        <reasonCode code="ABORTED" codeSystem="2.16.840.1.113883.2.20.5.2"/>
                        <responsibleParty contextControlCode="AP" typeCode="RESP">
                           <assignedEntity classCode="ASSIGNED">
                              <id xsi:type="II" specializationType="II.PUBLIC" displayable="true" extension="999222222" root="2.16.840.1.113883.19.4.207"/>
                              <code code="PHYS" codeSystem="2.16.840.1.113883.5.111"/>
                              <assignedPerson classCode="PSN" determinerCode="INSTANCE">
                                 <name use="L" xsi:type="PN" specializationType="PN.BASIC">
                                    <prefix>Dr.</prefix>
                                    <given>Irving</given>
                                    <given qualifier="IN">I</given>
                                    <family>Intern</family>
                                 </name>
                                 <asHealthCareProvider classCode="PROV">
                                    <id xsi:type="II" specializationType="II.PUBLIC" displayable="true" extension="200203999" root="2.16.840.1.113883.4.41"/>
                                 </asHealthCareProvider>
                              </assignedPerson>
                           </assignedEntity>
                        </responsibleParty>
                        <author contextControlCode="AP" typeCode="AUT">
                           <time value="20090108220759-0700"/>
                           <assignedEntity classCode="ASSIGNED">
                              <id xsi:type="II" specializationType="II.PUBLIC" displayable="true" extension="777222222" root="2.16.840.1.113883.19.4.207"/>
                              <code code="PHYS" codeSystem="2.16.840.1.113883.5.111"/>
                              <assignedPerson classCode="PSN" determinerCode="INSTANCE">
                                 <name use="L" xsi:type="PN" specializationType="PN.BASIC">
                                    <prefix>Dr.</prefix>
                                    <given>Irving</given>
                                    <given qualifier="IN">I</given>
                                    <family>Intern</family>
                                 </name>
                                 <asHealthCareProvider classCode="PROV">
                                    <id xsi:type="II" specializationType="II.PUBLIC" displayable="true" extension="200203777" root="2.16.840.1.113883.4.41"/>
                                 </asHealthCareProvider>
                              </assignedPerson>
                           </assignedEntity>
                        </author>
                     </controlActEvent>
                  </subjectOf1>
                  <subjectOf3 contextConductionInd="false" contextControlCode="AN" typeCode="SUBJ">
                     <severityObservation classCode="OBS" moodCode="EVN">
                        <code code="SEV" codeSystem="2.16.840.1.113883.5.4"/>
                        <statusCode code="completed"/>
                        <value code="24484000" codeSystem="2.16.840.1.113883.6.96"/>
                     </severityObservation>
                  </subjectOf3>
               </intoleranceCondition>
            </replacementOf>
            <subjectOf1 contextConductionInd="false" contextControlCode="AN" typeCode="SUBJ">
               <controlActEvent classCode="CACT" moodCode="EVN">
                  <code codeSystem="2.16.840.1.113883.1.3" code="REPC_TE000009CA"/>
                  <statusCode code="completed"/>
                  <effectiveTime value="20090108"/>
                  <reasonCode code="ABORTED" codeSystem="2.16.840.1.113883.2.20.5.2"/>
                  <responsibleParty contextControlCode="AP" typeCode="RESP">
                     <assignedEntity classCode="ASSIGNED">
                        <id xsi:type="II" specializationType="II.PUBLIC" displayable="true" extension="999222222" root="2.16.840.1.113883.19.4.207"/>
                        <code code="PHYS" codeSystem="2.16.840.1.113883.5.111"/>
                        <assignedPerson classCode="PSN" determinerCode="INSTANCE">
                           <name use="L" xsi:type="PN" specializationType="PN.BASIC">
                              <prefix>Dr.</prefix>
                              <given>Irving</given>
                              <given qualifier="IN">I</given>
                              <family>Intern</family>
                           </name>
                           <asHealthCareProvider classCode="PROV">
                              <id xsi:type="II" specializationType="II.PUBLIC" displayable="true" extension="200203999" root="2.16.840.1.113883.4.41"/>
                           </asHealthCareProvider>
                        </assignedPerson>
                     </assignedEntity>
                  </responsibleParty>
                  <author contextControlCode="AP" typeCode="AUT">
                     <time value="20090108220759-0700"/>
                     <assignedEntity classCode="ASSIGNED">
                        <id xsi:type="II" specializationType="II.PUBLIC" displayable="true" extension="777222222" root="2.16.840.1.113883.19.4.207"/>
                        <code code="PHYS" codeSystem="2.16.840.1.113883.5.111"/>
                        <assignedPerson classCode="PSN" determinerCode="INSTANCE">
                           <name use="L" xsi:type="PN" specializationType="PN.BASIC">
                              <prefix>Dr.</prefix>
                              <given>Irving</given>
                              <given qualifier="IN">I</given>
                              <family>Intern</family>
                           </name>
                           <asHealthCareProvider classCode="PROV">
                              <id xsi:type="II" specializationType="II.PUBLIC" displayable="true" extension="200203777" root="2.16.840.1.113883.4.41"/>
                           </asHealthCareProvider>
                        </assignedPerson>
                     </assignedEntity>
                  </author>
               </controlActEvent>
            </subjectOf1>
         </intoleranceCondition>
      </subject>
      <queryAck>
         <queryId root="7BD1B8CA-6603-074F-7053-A6537C36CB74"/>
         <queryResponseCode code="NF"/>
         <resultTotalQuantity value="0"/>
         <resultCurrentQuantity value="0"/>
         <resultRemainingQuantity value="0"/>
      </queryAck>
      <queryByParameter>
         <queryId root="7BD1B8CA-6603-074F-7053-A6537C36CB74"/>
         <parameterList>
            <allergyIntoleranceID>
               <value root="9C83231F-68C4-48E1-A9E4-65D1CE26DA8E" use="BUS"/>
            </allergyIntoleranceID>
         </parameterList>
      </queryByParameter>
   </controlActEvent>
</REPC_IN000018CA>