<?xml version="1.0" encoding="UTF-8"?><REPC_IN000068CA xmlns="urn:hl7-org:v3" xmlns:xsi="http://www.w3.org/2001/XMLSchema-instance" ITSVersion="XML_1.0" xsi:schemaLocation="urn:hl7-org:v3 ../Schemas/REPC_IN000068CA.xsd">
   <realmCode code="CA"/>
   <id root="17BFEE52-B5F8-653E-A00A-55EC83C04B65"/>
   <creationTime value="20090915225055.937-0700"/>
   <responseModeCode code="I"/>
   <versionCode code="V3-2008N"/>
   <interactionId root="2.16.840.1.113883.1.18" extension="REPC_IN000068CA" displayable="true"/>
   <profileId use="BUS" root="2.16.840.1.113883.2.20.2" extension="R02.04.02"/>
   <processingCode code="D"/>
   <processingModeCode code="T"/>
   <acceptAckCode code="NE"/>
   <receiver typeCode="RCV">
      <telecom value="http://120.120.120.120"/>
      <device classCode="DEV" determinerCode="INSTANCE">
         <id use="BUS" root="2.16.840.1.113883.19.3.207.15.1.0.3" extension="DIS01"/>
         <name>Good Health Clinic</name>
      </device>
   </receiver>
   <sender typeCode="SND">
      <telecom value="http://100.100.100.100"/>
      <device classCode="DEV" determinerCode="INSTANCE">
         <id use="BUS" root="2.16.840.1.113883.19.3.297.15.37.0.47" extension="DIS01"/>
         <name>Jurisdiction X HIAL</name>
      </device>
   </sender>
   <acknowledgement>
      <typeCode code="AA"/>
      <targetMessage>
         <id root="AD52476E-B3AD-AD77-258B-7F25BB043094"/>
      </targetMessage>
   </acknowledgement>
   <controlActEvent moodCode="EVN" classCode="CACT">
      <id use="BUS" root="2.16.840.1.113883.19.3.297.15.37.1" extension="34738889974"/>
      <code codeSystem="2.16.840.1.113883.1.18" code="REPC_TE000061CA"/>
      <statusCode code="completed"/>
      <effectiveTime xsi:type="IVL_TS">
         <low value="20090915225054.937-0700"/>
      </effectiveTime>
      <languageCode code="en" codeSystem="2.16.840.1.113883.6.121"/>
      <recordTarget typeCode="RCT" contextControlCode="AP">
         <patient1 classCode="PAT">
            <id displayable="true" root="2.16.840.1.113883.4.20" extension="666112999"/>
            <patientPerson classCode="PSN" determinerCode="INSTANCE">
               <name use="L" specializationType="PN.BASIC">
                  <family>Nuclear</family>
                  <given>John</given>
                  <prefix>Mr.</prefix>
                  <suffix>II</suffix>
               </name>
               <administrativeGenderCode codeSystem="2.16.840.1.113883.5.1" code="M"/>
               <birthTime value="19480712"/>
            </patientPerson>
         </patient1>
      </recordTarget>
      <subject typeCode="SUBJ" contextControlCode="AN" contextConductionInd="true">
         <commonObservationEvent classCode="OBS" moodCode="EVN">
            <id use="BUS" root="1.7.5551.58.5055.3578.244" extension="LYOAM7NX8YC"/>
            <code code="27191105" codeSystem="2.16.840.1.113883.6.96"/>
            <statusCode code="completed"/>
            <effectiveTime specializationType="TS.DATETIME">
               <low value="20090915225054.937-0700"/>
            </effectiveTime>
            <confidentialityCode code="N" codeSystem="2.16.840.1.113883.5.25"/>
            <interpretationCode code="N" codeSystem="2.16.840.1.113883.5.83"/>
            <responsibleParty typeCode="RESP" contextControlCode="AP">
               <assignedEntity1 classCode="ASSIGNED">
                  <id xsi:type="II" specializationType="II.PUBLIC" displayable="true" extension="999222222" root="2.16.840.1.113883.19.4.207"/>
                  <code code="PHYS" codeSystem="2.16.840.1.113883.5.111"/>
                  <assignedPerson classCode="PSN" determinerCode="INSTANCE">
                     <name use="L" xsi:type="PN" specializationType="PN.BASIC">
                        <prefix>Dr.</prefix>
                        <given>Irving</given>
                        <given qualifier="IN">I</given>
                        <family>Intern</family>
                     </name>
                     <asHealthCareProvider classCode="PROV">
                        <id xsi:type="II" specializationType="II.PUBLIC" displayable="true" extension="200203999" root="2.16.840.1.113883.4.41"/>
                     </asHealthCareProvider>
                  </assignedPerson>
               </assignedEntity1>
            </responsibleParty>
            <author typeCode="AUT" contextControlCode="AP">
               <time value="20090915225054.937-0700"/>
               <assignedEntity1 classCode="ASSIGNED">
                  <id xsi:type="II" specializationType="II.PUBLIC" displayable="true" extension="999222222" root="2.16.840.1.113883.19.4.207"/>
                  <code code="PHYS" codeSystem="2.16.840.1.113883.5.111"/>
                  <assignedPerson classCode="PSN" determinerCode="INSTANCE">
                     <name use="L" xsi:type="PN" specializationType="PN.BASIC">
                        <prefix>Dr.</prefix>
                        <given>Irving</given>
                        <given qualifier="IN">I</given>
                        <family>Intern</family>
                     </name>
                     <asHealthCareProvider classCode="PROV">
                        <id xsi:type="II" specializationType="II.PUBLIC" displayable="true" extension="200203999" root="2.16.840.1.113883.4.41"/>
                     </asHealthCareProvider>
                  </assignedPerson>
               </assignedEntity1>
            </author>
            <informant typeCode="INF" contextControlCode="AP">
               <patient classCode="PAT">
                  <id displayable="true" root="2.16.840.1.113883.4.20" extension="666112999"/>
                  <addr use="H PST PHYS">2222 Home Street<delimiter/>
                     <city>Regina</city>
                     <delimiter>,</delimiter>
                     <state code="CA-SK" codeSystem="2.16.840.1.113883.5.28">Saskatchewan</state>
                     <delimiter/>
                     <country code="CAN" codeSystem="2.16.840.1.113883.5.28">Canada</country>
                     <postalCode>S1S 1S1</postalCode>
                  </addr>
                  <telecom use="H" specializationType="TEL.PHONE" value="tel:+1-306-555-1234"/>
                  <patientPerson classCode="PSN" determinerCode="INSTANCE">
                     <name use="L" specializationType="PN.BASIC">
                        <family>Nuclear</family>
                        <given>John</given>
                        <prefix>Mr.</prefix>
                        <suffix>II</suffix>
                     </name>
                     <administrativeGenderCode codeSystem="2.16.840.1.113883.5.1" code="M"/>
                     <birthTime value="19480712"/>
                  </patientPerson>
               </patient>
            </informant>
            <custodian1 typeCode="CST" contextControlCode="AP">
               <assignedDevice classCode="ASSIGNED">
                  <id use="BUS" root="2.16.840.1.113883.19.3.297.15.37"/>
                  <assignedRepository classCode="DEV" determinerCode="INSTANCE">
                     <name>Jurisdiction X HIAL</name>
                  </assignedRepository>
                  <representedRepositoryJurisdiction classCode="STATE" determinerCode="INSTANCE">
                     <name>Saskatchewan</name>
                  </representedRepositoryJurisdiction>
               </assignedDevice>
            </custodian1>
            <custodian2 typeCode="CST" contextControlCode="OP">
               <serviceDeliveryLocation classCode="SDLOC">
                  <id displayable="true" extension="7-1234500-1" root="2.16.840.1.113883.19.3.291.3"/>
                  <code code="OF" codeSystem="2.16.840.1.113883.5.111"/>
                  <addr use="PHYS">1000 Hospital Lane<delimiter/>
                     <city>Ann Arbor</city>
                     <state>MI</state>
                     <postalCode>99999</postalCode>
                  </addr>
                  <telecom use="WP" value="tel:+1-555-555-3013;postd=999"/>
                  <location classCode="PLC" determinerCode="INSTANCE">
                     <name>GHH Outpatient Clinic</name>
                  </location>
               </serviceDeliveryLocation>
            </custodian2>
            <componentOf2 typeCode="COMP" contextControlCode="ON" contextConductionInd="false">
               <workingListEvent classCode="LIST" moodCode="EVN">
                  <code code="SIGNSYMP" codeSystem="2.16.840.1.113883.2.20.5.2"/>
               </workingListEvent>
            </componentOf2>
         </commonObservationEvent>
      </subject>
      <queryAck>
         <queryId root="DB9603EC-12B5-616D-3762-7D02AB5A6479"/>
         <queryResponseCode code="NF"/>
         <resultTotalQuantity value="0"/>
         <resultCurrentQuantity value="0"/>
         <resultRemainingQuantity value="0"/>
      </queryAck>
      <queryByParameter>
         <queryId root="DB9603EC-12B5-616D-3762-7D02AB5A6479"/>
         <parameterList>
            <includeNotesIndicator>
               <value value="false"/>
            </includeNotesIndicator>
            <mostRecentByTypeIndicator>
               <value value="false"/>
            </mostRecentByTypeIndicator>
         </parameterList>
      </queryByParameter>
   </controlActEvent>
</REPC_IN000068CA>