<?xml version="1.0" encoding="UTF-8"?><REPC_IN000024CA xmlns="urn:hl7-org:v3" xmlns:xsi="http://www.w3.org/2001/XMLSchema-instance" ITSVersion="XML_1.0" xsi:schemaLocation="urn:hl7-org:v3 ../Schemas/REPC_IN000024CA.xsd">
   <realmCode code="CA"/>
   <id root="AFE87750-F345-E072-F9D5-9B518B4BD50D"/>
   <creationTime value="20090915225041.531-0700"/>
   <responseModeCode code="I"/>
   <versionCode code="V3-2008N"/>
   <interactionId root="2.16.840.1.113883.1.18" extension="REPC_IN000024CA" displayable="true"/>
   <profileId use="BUS" root="2.16.840.1.113883.2.20.2" extension="R02.04.02"/>
   <processingCode code="D"/>
   <processingModeCode code="T"/>
   <acceptAckCode code="NE"/>
   <receiver typeCode="RCV">
      <telecom value="http://120.120.120.120"/>
      <device classCode="DEV" determinerCode="INSTANCE">
         <id use="BUS" root="2.16.840.1.113883.19.3.207.15.1.0.3" extension="DIS01"/>
         <name>Good Health Clinic</name>
      </device>
   </receiver>
   <sender typeCode="SND">
      <telecom value="http://100.100.100.100"/>
      <device classCode="DEV" determinerCode="INSTANCE">
         <id use="BUS" root="2.16.840.1.113883.19.3.297.15.37.0.47" extension="DIS01"/>
         <name>Jurisdiction X HIAL</name>
      </device>
   </sender>
   <acknowledgement>
      <typeCode code="AA"/>
      <targetMessage>
         <id root="F373B8DD-59B6-6FF2-3C49-04EF247C6695"/>
      </targetMessage>
   </acknowledgement>
   <controlActEvent moodCode="EVN" classCode="CACT">
      <id use="BUS" root="2.16.840.1.113883.19.3.297.15.37.1" extension="47682434866"/>
      <code codeSystem="2.16.840.1.113883.1.18" code="REPC_TE000011CA"/>
      <statusCode code="completed"/>
      <effectiveTime xsi:type="IVL_TS">
         <low value="20090915225040.531-0700"/>
      </effectiveTime>
      <languageCode code="en" codeSystem="2.16.840.1.113883.6.121"/>
      <recordTarget typeCode="RCT" contextControlCode="AP">
         <patient1 classCode="PAT">
            <id displayable="true" root="2.16.840.1.113883.4.20" extension="666112999"/>
            <patientPerson classCode="PSN" determinerCode="INSTANCE">
               <name use="L" specializationType="PN.BASIC">
                  <family>Nuclear</family>
                  <given>John</given>
                  <prefix>Mr.</prefix>
                  <suffix>II</suffix>
               </name>
               <administrativeGenderCode codeSystem="2.16.840.1.113883.5.1" code="M"/>
               <birthTime value="19480712"/>
            </patientPerson>
         </patient1>
      </recordTarget>
      <subject typeCode="SUBJ" contextControlCode="AN" contextConductionInd="true">
         <conditionEvent classCode="COND" moodCode="EVN">
            <id extension="123" root="657428A0-B4DE-474E-9BDB-E55A8E650FF8" use="BUS"/>
            <code code="DX" codeSystem="2.16.840.1.113883.5.4"/>
            <statusCode code="completed"/>
            <effectiveTime xsi:type="IVL_TS">
               <low value="20090915225040.531-0700"/>
            </effectiveTime>
            <confidentialityCode code="N" codeSystem="2.16.840.1.113883.5.25"/>
            <value code="M06.9" codeSystem="2.16.840.1.113883.6.94"/>
            <responsibleParty typeCode="RESP" contextControlCode="AP">
               <assignedEntity1 classCode="ASSIGNED">
                  <id xsi:type="II" specializationType="II.PUBLIC" displayable="true" extension="999222222" root="2.16.840.1.113883.19.4.207"/>
                  <code code="PHYS" codeSystem="2.16.840.1.113883.5.111"/>
                  <assignedPerson classCode="PSN" determinerCode="INSTANCE">
                     <name use="L" xsi:type="PN" specializationType="PN.BASIC">
                        <prefix>Dr.</prefix>
                        <given>Irving</given>
                        <given qualifier="IN">I</given>
                        <family>Intern</family>
                     </name>
                     <asHealthCareProvider classCode="PROV">
                        <id xsi:type="II" specializationType="II.PUBLIC" displayable="true" extension="200203999" root="2.16.840.1.113883.4.41"/>
                     </asHealthCareProvider>
                  </assignedPerson>
               </assignedEntity1>
            </responsibleParty>
            <author typeCode="AUT" contextControlCode="AP">
               <time value="20090915225040.531-0700"/>
               <assignedEntity1 classCode="ASSIGNED">
                  <id xsi:type="II" specializationType="II.PUBLIC" displayable="true" extension="999222222" root="2.16.840.1.113883.19.4.207"/>
                  <code code="PHYS" codeSystem="2.16.840.1.113883.5.111"/>
                  <assignedPerson classCode="PSN" determinerCode="INSTANCE">
                     <name use="L" xsi:type="PN" specializationType="PN.BASIC">
                        <prefix>Dr.</prefix>
                        <given>Irving</given>
                        <given qualifier="IN">I</given>
                        <family>Intern</family>
                     </name>
                     <asHealthCareProvider classCode="PROV">
                        <id xsi:type="II" specializationType="II.PUBLIC" displayable="true" extension="200203999" root="2.16.840.1.113883.4.41"/>
                     </asHealthCareProvider>
                  </assignedPerson>
               </assignedEntity1>
            </author>
            <informant typeCode="INF" contextControlCode="AP">
               <assignedEntity1 classCode="ASSIGNED">
                  <id xsi:type="II" specializationType="II.PUBLIC" displayable="true" extension="888222222" root="2.16.840.1.113883.19.4.207"/>
                  <code code="PHYS" codeSystem="2.16.840.1.113883.5.111"/>
                  <assignedPerson classCode="PSN" determinerCode="INSTANCE">
                     <name use="L" xsi:type="PN" specializationType="PN.BASIC">
                        <prefix>Dr.</prefix>
                        <given>Irving</given>
                        <given qualifier="IN">I</given>
                        <family>Intern</family>
                     </name>
                     <asHealthCareProvider classCode="PROV">
                        <id xsi:type="II" specializationType="II.PUBLIC" displayable="true" extension="200203888" root="2.16.840.1.113883.4.41"/>
                     </asHealthCareProvider>
                  </assignedPerson>
               </assignedEntity1>
            </informant>
            <custodian1 typeCode="CST" contextControlCode="OP">
               <serviceDeliveryLocation classCode="SDLOC">
                  <id displayable="true" extension="7-1234500-1" root="2.16.840.1.113883.19.3.291.3"/>
                  <code code="OF" codeSystem="2.16.840.1.113883.5.111"/>
                  <addr use="PHYS">1000 Hospital Lane<delimiter/>
                     <city>Ann Arbor</city>
                     <state>MI</state>
                     <postalCode>99999</postalCode>
                  </addr>
                  <telecom use="WP" value="tel:+1-555-555-3013;postd=999"/>
                  <location classCode="PLC" determinerCode="INSTANCE">
                     <name>GHH Outpatient Clinic</name>
                  </location>
               </serviceDeliveryLocation>
            </custodian1>
            <custodian2 typeCode="CST" contextControlCode="AP">
               <assignedDevice classCode="ASSIGNED">
                  <id use="BUS" root="2.16.840.1.113883.19.3.297.15.37"/>
                  <assignedRepository classCode="DEV" determinerCode="INSTANCE">
                     <name>Jurisdiction X HIAL</name>
                  </assignedRepository>
                  <representedRepositoryJurisdiction classCode="STATE" determinerCode="INSTANCE">
                     <name>Saskatchewan</name>
                  </representedRepositoryJurisdiction>
               </assignedDevice>
            </custodian2>
            <subjectOf2 typeCode="SUBJ" contextControlCode="ON" contextConductionInd="false">
               <subsetCode code="SUM"/>
               <annotationIndicator classCode="ACT" moodCode="EVN">
                  <statusCode code="completed"/>
               </annotationIndicator>
            </subjectOf2>
         </conditionEvent>
      </subject>
      <subject typeCode="SUBJ" contextControlCode="AN" contextConductionInd="true">
         <conditionEvent classCode="COND" moodCode="EVN">
            <id extension="789" root="657428A0-B4DE-474E-9BDB-E55A8E650FF8" use="BUS"/>
            <code code="DX" codeSystem="2.16.840.1.113883.6.94"/>
            <statusCode code="completed"/>
            <effectiveTime xsi:type="IVL_TS">
               <low value="20090915225040.531-0700"/>
            </effectiveTime>
            <confidentialityCode code="N" codeSystem="2.16.840.1.113883.5.25"/>
            <value code="O24.4" codeSystem="2.16.840.1.113883.6.94"/>
            <responsibleParty typeCode="RESP" contextControlCode="AP">
               <assignedEntity1 classCode="ASSIGNED">
                  <id xsi:type="II" specializationType="II.PUBLIC" displayable="true" extension="999222222" root="2.16.840.1.113883.19.4.207"/>
                  <code code="PHYS" codeSystem="2.16.840.1.113883.5.111"/>
                  <assignedPerson classCode="PSN" determinerCode="INSTANCE">
                     <name use="L" xsi:type="PN" specializationType="PN.BASIC">
                        <prefix>Dr.</prefix>
                        <given>Irving</given>
                        <given qualifier="IN">I</given>
                        <family>Intern</family>
                     </name>
                     <asHealthCareProvider classCode="PROV">
                        <id xsi:type="II" specializationType="II.PUBLIC" displayable="true" extension="200203999" root="2.16.840.1.113883.4.41"/>
                     </asHealthCareProvider>
                  </assignedPerson>
               </assignedEntity1>
            </responsibleParty>
            <author typeCode="AUT" contextControlCode="AP">
               <time value="20090915225040.531-0700"/>
               <assignedEntity1 classCode="ASSIGNED">
                  <id xsi:type="II" specializationType="II.PUBLIC" displayable="true" extension="999222222" root="2.16.840.1.113883.19.4.207"/>
                  <code code="PHYS" codeSystem="2.16.840.1.113883.5.111"/>
                  <assignedPerson classCode="PSN" determinerCode="INSTANCE">
                     <name use="L" xsi:type="PN" specializationType="PN.BASIC">
                        <prefix>Dr.</prefix>
                        <given>Irving</given>
                        <given qualifier="IN">I</given>
                        <family>Intern</family>
                     </name>
                     <asHealthCareProvider classCode="PROV">
                        <id xsi:type="II" specializationType="II.PUBLIC" displayable="true" extension="200203999" root="2.16.840.1.113883.4.41"/>
                     </asHealthCareProvider>
                  </assignedPerson>
               </assignedEntity1>
            </author>
            <custodian1 typeCode="CST" contextControlCode="OP">
               <serviceDeliveryLocation classCode="SDLOC">
                  <id displayable="true" extension="7-1234500-1" root="2.16.840.1.113883.19.3.291.3"/>
                  <code code="OF" codeSystem="2.16.840.1.113883.5.111"/>
                  <addr use="PHYS">1000 Hospital Lane<delimiter/>
                     <city>Ann Arbor</city>
                     <state>MI</state>
                     <postalCode>99999</postalCode>
                  </addr>
                  <telecom use="WP" value="tel:+1-555-555-3013;postd=999"/>
                  <location classCode="PLC" determinerCode="INSTANCE">
                     <name>GHH Outpatient Clinic</name>
                  </location>
               </serviceDeliveryLocation>
            </custodian1>
            <custodian2 typeCode="CST" contextControlCode="AP">
               <assignedDevice classCode="ASSIGNED">
                  <id use="BUS" root="2.16.840.1.113883.19.3.297.15.37"/>
                  <assignedRepository classCode="DEV" determinerCode="INSTANCE">
                     <name>Jurisdiction X HIAL</name>
                  </assignedRepository>
                  <representedRepositoryJurisdiction classCode="STATE" determinerCode="INSTANCE">
                     <name>Saskatchewan</name>
                  </representedRepositoryJurisdiction>
               </assignedDevice>
            </custodian2>
            <subjectOf2 typeCode="SUBJ" contextControlCode="ON" contextConductionInd="false">
               <subsetCode code="SUM"/>
               <annotationIndicator classCode="ACT" moodCode="EVN">
                  <statusCode code="completed"/>
               </annotationIndicator>
            </subjectOf2>
         </conditionEvent>
      </subject>
      <subject typeCode="SUBJ" contextControlCode="AN" contextConductionInd="true">
         <conditionEvent classCode="COND" moodCode="EVN">
            <id extension="456" root="657428A0-B4DE-474E-9BDB-E55A8E650FF8" use="BUS"/>
            <code code="ASSERTION" codeSystem="2.16.840.1.113883.5.4"/>
            <statusCode code="completed"/>
            <effectiveTime xsi:type="IVL_TS">
               <low value="20090915225040.531-0700"/>
            </effectiveTime>
            <confidentialityCode code="N" codeSystem="2.16.840.1.113883.5.25"/>
            <value code="M06.9" codeSystem="2.16.840.1.113883.5.4"/>
            <responsibleParty typeCode="RESP" contextControlCode="AP">
               <assignedEntity1 classCode="ASSIGNED">
                  <id xsi:type="II" specializationType="II.PUBLIC" displayable="true" extension="999222222" root="2.16.840.1.113883.19.4.207"/>
                  <code code="PHYS" codeSystem="2.16.840.1.113883.5.111"/>
                  <assignedPerson classCode="PSN" determinerCode="INSTANCE">
                     <name use="L" xsi:type="PN" specializationType="PN.BASIC">
                        <prefix>Dr.</prefix>
                        <given>Irving</given>
                        <given qualifier="IN">I</given>
                        <family>Intern</family>
                     </name>
                     <asHealthCareProvider classCode="PROV">
                        <id xsi:type="II" specializationType="II.PUBLIC" displayable="true" extension="200203999" root="2.16.840.1.113883.4.41"/>
                     </asHealthCareProvider>
                  </assignedPerson>
               </assignedEntity1>
            </responsibleParty>
            <author typeCode="AUT" contextControlCode="AP">
               <time value="20090915225040.531-0700"/>
               <assignedEntity1 classCode="ASSIGNED">
                  <id xsi:type="II" specializationType="II.PUBLIC" displayable="true" extension="999222222" root="2.16.840.1.113883.19.4.207"/>
                  <code code="PHYS" codeSystem="2.16.840.1.113883.5.111"/>
                  <assignedPerson classCode="PSN" determinerCode="INSTANCE">
                     <name use="L" xsi:type="PN" specializationType="PN.BASIC">
                        <prefix>Dr.</prefix>
                        <given>Irving</given>
                        <given qualifier="IN">I</given>
                        <family>Intern</family>
                     </name>
                     <asHealthCareProvider classCode="PROV">
                        <id xsi:type="II" specializationType="II.PUBLIC" displayable="true" extension="200203999" root="2.16.840.1.113883.4.41"/>
                     </asHealthCareProvider>
                  </assignedPerson>
               </assignedEntity1>
            </author>
            <informant typeCode="INF" contextControlCode="AP">
               <assignedEntity1 classCode="ASSIGNED">
                  <id xsi:type="II" specializationType="II.PUBLIC" displayable="true" extension="888222222" root="2.16.840.1.113883.19.4.207"/>
                  <code code="PHYS" codeSystem="2.16.840.1.113883.5.111"/>
                  <assignedPerson classCode="PSN" determinerCode="INSTANCE">
                     <name use="L" xsi:type="PN" specializationType="PN.BASIC">
                        <prefix>Dr.</prefix>
                        <given>Irving</given>
                        <given qualifier="IN">I</given>
                        <family>Intern</family>
                     </name>
                     <asHealthCareProvider classCode="PROV">
                        <id xsi:type="II" specializationType="II.PUBLIC" displayable="true" extension="200203888" root="2.16.840.1.113883.4.41"/>
                     </asHealthCareProvider>
                  </assignedPerson>
               </assignedEntity1>
            </informant>
            <custodian1 typeCode="CST" contextControlCode="OP">
               <serviceDeliveryLocation classCode="SDLOC">
                  <id displayable="true" extension="7-1234500-1" root="2.16.840.1.113883.19.3.291.3"/>
                  <code code="OF" codeSystem="2.16.840.1.113883.5.111"/>
                  <addr use="PHYS">1000 Hospital Lane<delimiter/>
                     <city>Ann Arbor</city>
                     <state>MI</state>
                     <postalCode>99999</postalCode>
                  </addr>
                  <telecom use="WP" value="tel:+1-555-555-3013;postd=999"/>
                  <location classCode="PLC" determinerCode="INSTANCE">
                     <name>GHH Outpatient Clinic</name>
                  </location>
               </serviceDeliveryLocation>
            </custodian1>
            <custodian2 typeCode="CST" contextControlCode="AP">
               <assignedDevice classCode="ASSIGNED">
                  <id use="BUS" root="2.16.840.1.113883.19.3.297.15.37"/>
                  <assignedRepository classCode="DEV" determinerCode="INSTANCE">
                     <name>Jurisdiction X HIAL</name>
                  </assignedRepository>
                  <representedRepositoryJurisdiction classCode="STATE" determinerCode="INSTANCE">
                     <name>Saskatchewan</name>
                  </representedRepositoryJurisdiction>
               </assignedDevice>
            </custodian2>
            <subjectOf2 typeCode="SUBJ" contextControlCode="ON" contextConductionInd="false">
               <subsetCode code="SUM"/>
               <annotationIndicator classCode="ACT" moodCode="EVN">
                  <statusCode code="completed"/>
               </annotationIndicator>
            </subjectOf2>
         </conditionEvent>
      </subject>
      <queryAck>
         <queryId root="8563FAF5-FDB1-9ECB-F4DF-6F137C6C8740"/>
         <queryResponseCode code="NF"/>
         <resultTotalQuantity value="0"/>
         <resultCurrentQuantity value="0"/>
         <resultRemainingQuantity value="0"/>
      </queryAck>
      <queryByParameter>
         <queryId root="8563FAF5-FDB1-9ECB-F4DF-6F137C6C8740"/>
         <parameterList>
            <careCompositionType>
               <value code="MED" codeSystem="2.16.840.1.113883.5.4"/>
            </careCompositionType>
            <mostRecentByTypeIndicator>
               <value value="false"/>
            </mostRecentByTypeIndicator>
         </parameterList>
      </queryByParameter>
   </controlActEvent>
</REPC_IN000024CA>