<?xml version="1.0" encoding="UTF-8"?><REPC_IN041200CA xmlns="urn:hl7-org:v3" xmlns:xsi="http://www.w3.org/2001/XMLSchema-instance" ITSVersion="XML_1.0" xsi:schemaLocation="urn:hl7-org:v3 ../Schemas/REPC_IN041200CA.xsd">
   <realmCode code="CA"/>
   <id root="071C6277-AF95-4B82-D8AD-A43146561314"/>
   <creationTime value="20090915225059.453-0700"/>
   <responseModeCode code="I"/>
   <versionCode code="V3-2008N"/>
   <interactionId root="2.16.840.1.113883.1.18" extension="REPC_IN041200CA" displayable="true"/>
   <profileId use="BUS" root="2.16.840.1.113883.2.20.2" extension="R02.04.02"/>
   <processingCode code="D"/>
   <processingModeCode code="T"/>
   <acceptAckCode code="NE"/>
   <receiver typeCode="RCV">
      <telecom value="http://120.120.120.120"/>
      <device classCode="DEV" determinerCode="INSTANCE">
         <id use="BUS" root="2.16.840.1.113883.19.3.207.15.1.0.3" extension="DIS01"/>
         <name>Good Health Clinic</name>
      </device>
   </receiver>
   <sender typeCode="SND">
      <telecom value="http://100.100.100.100"/>
      <device classCode="DEV" determinerCode="INSTANCE">
         <id use="BUS" root="2.16.840.1.113883.19.3.297.15.37.0.47" extension="DIS01"/>
         <name>Jurisdiction X HIAL</name>
      </device>
   </sender>
   <acknowledgement>
      <typeCode code="AA"/>
      <targetMessage>
         <id root="81F2B42C-F681-0A1C-A41A-34DA47620FDE"/>
      </targetMessage>
   </acknowledgement>
   <controlActEvent moodCode="EVN" classCode="CACT">
      <id use="BUS" root="2.16.840.1.113883.19.3.297.15.37.1" extension="37864940660"/>
      <code codeSystem="2.16.840.1.113883.1.18" code="REPC_TE041200CA"/>
      <statusCode code="completed"/>
      <effectiveTime xsi:type="IVL_TS">
         <low value="20090915225058.453-0700"/>
      </effectiveTime>
      <languageCode code="en" codeSystem="2.16.840.1.113883.6.121"/>
      <recordTarget typeCode="RCT" contextControlCode="AP">
         <patient1 classCode="PAT">
            <id displayable="true" root="2.16.840.1.113883.4.20" extension="666112999"/>
            <patientPerson classCode="PSN" determinerCode="INSTANCE">
               <name use="L" specializationType="PN.BASIC">
                  <family>Nuclear</family>
                  <given>John</given>
                  <prefix>Mr.</prefix>
                  <suffix>II</suffix>
               </name>
               <administrativeGenderCode codeSystem="2.16.840.1.113883.5.1" code="M"/>
               <birthTime value="19480712"/>
            </patientPerson>
         </patient1>
      </recordTarget>
      <subject typeCode="SUBJ" contextControlCode="AN" contextConductionInd="true">
         <patientCareProvisionEvent classCode="PCPR" moodCode="EVN" negationInd="false">
            <id root="69CEB02E-8D27-4EEB-9F29-A6A367EDE7AF" use="BUS"/>
            <code code="CHR" codeSystem="2.16.840.1.113883.5.4"/>
            <statusCode code="active"/>
            <effectiveTime xsi:type="IVL_TS" specializationType="IVL_TS.DATETIME">
               <low specializationType="TS.DATETIME" value="20090915225058.453-0700"/>
            </effectiveTime>
            <!-- <effectiveTime>
    <low value="20090108221009.375-0700"/>
    <high value="20090108221009.375-0700"/>
  </effectiveTime> --><confidentialityCode code="N" codeSystem="2.16.840.1.113883.5.25"/>
            <subject2 typeCode="SBJ" contextControlCode="OP">
               <patient classCode="PAT">
                  <id displayable="true" root="2.16.840.1.113883.4.20" extension="666112999"/>
                  <patientPerson classCode="PSN" determinerCode="INSTANCE">
                     <name use="L" specializationType="PN.BASIC">
                        <family>Nuclear</family>
                        <given>John</given>
                        <prefix>Mr.</prefix>
                        <suffix>II</suffix>
                     </name>
                     <administrativeGenderCode codeSystem="2.16.840.1.113883.5.1" code="M"/>
                     <birthTime value="19480712"/>
                  </patientPerson>
               </patient>
            </subject2>
            <subject3 typeCode="SBJ" contextControlCode="OP">
               <patient classCode="PAT">
                  <patientEntityQuantifiedKind classCode="ENT" determinerCode="QUANTIFIED_KIND">
                     <quantity value="1"/>
                  </patientEntityQuantifiedKind>
               </patient>
            </subject3>
            <responsibleParty typeCode="RESP" contextControlCode="AP">
               <assignedEntity1 classCode="ASSIGNED">
                  <id xsi:type="II" specializationType="II.PUBLIC" displayable="true" extension="444222222" root="2.16.840.1.113883.19.4.207"/>
                  <code code="PHYS" codeSystem="2.16.840.1.113883.5.111"/>
                  <assignedPerson classCode="PSN" determinerCode="INSTANCE">
                     <name use="L" xsi:type="PN" specializationType="PN.BASIC">
                        <prefix>Dr.</prefix>
                        <given>Irving</given>
                        <given qualifier="IN">I</given>
                        <family>Intern</family>
                     </name>
                     <asHealthCareProvider classCode="PROV">
                        <id xsi:type="II" specializationType="II.PUBLIC" displayable="true" extension="200203444" root="2.16.840.1.113883.4.41"/>
                     </asHealthCareProvider>
                  </assignedPerson>
               </assignedEntity1>
            </responsibleParty>
            <performer typeCode="PRF" contextControlCode="OP">
               <assignedEntity1 classCode="ASSIGNED">
                  <id xsi:type="II" specializationType="II.PUBLIC" displayable="true" extension="444222222" root="2.16.840.1.113883.19.4.207"/>
                  <code code="PHYS" codeSystem="2.16.840.1.113883.5.111"/>
                  <assignedPerson classCode="PSN" determinerCode="INSTANCE">
                     <name use="L" xsi:type="PN" specializationType="PN.BASIC">
                        <prefix>Dr.</prefix>
                        <given>Irving</given>
                        <given qualifier="IN">I</given>
                        <family>Intern</family>
                     </name>
                     <asHealthCareProvider classCode="PROV">
                        <id xsi:type="II" specializationType="II.PUBLIC" displayable="true" extension="200203444" root="2.16.840.1.113883.4.41"/>
                     </asHealthCareProvider>
                  </assignedPerson>
               </assignedEntity1>
            </performer>
            <author contextControlCode="AP" typeCode="AUT">
               <time value="20090108221011-0700"/>
               <assignedEntity1 classCode="ASSIGNED">
                  <id xsi:type="II" specializationType="II.PUBLIC" displayable="true" extension="999222222" root="2.16.840.1.113883.19.4.207"/>
                  <code code="PHYS" codeSystem="2.16.840.1.113883.5.111"/>
                  <assignedPerson classCode="PSN" determinerCode="INSTANCE">
                     <name use="L" xsi:type="PN" specializationType="PN.BASIC">
                        <prefix>Dr.</prefix>
                        <given>Irving</given>
                        <given qualifier="IN">I</given>
                        <family>Intern</family>
                     </name>
                     <asHealthCareProvider classCode="PROV">
                        <id xsi:type="II" specializationType="II.PUBLIC" displayable="true" extension="200203999" root="2.16.840.1.113883.4.41"/>
                     </asHealthCareProvider>
                  </assignedPerson>
               </assignedEntity1>
            </author>
            <informant typeCode="INF" contextControlCode="AP">
               <assignedEntity1 classCode="ASSIGNED">
                  <id xsi:type="II" specializationType="II.PUBLIC" displayable="true" extension="555222222" root="2.16.840.1.113883.19.4.207"/>
                  <code code="PHYS" codeSystem="2.16.840.1.113883.5.111"/>
                  <assignedPerson classCode="PSN" determinerCode="INSTANCE">
                     <name use="L" xsi:type="PN" specializationType="PN.BASIC">
                        <prefix>Dr.</prefix>
                        <given>Irving</given>
                        <given qualifier="IN">I</given>
                        <family>Intern</family>
                     </name>
                     <asHealthCareProvider classCode="PROV">
                        <id xsi:type="II" specializationType="II.PUBLIC" displayable="true" extension="200203555" root="2.16.840.1.113883.4.41"/>
                     </asHealthCareProvider>
                  </assignedPerson>
               </assignedEntity1>
            </informant>
            <custodian1 contextControlCode="AP" typeCode="CST">
               <assignedDevice classCode="ASSIGNED">
                  <id use="BUS" root="2.16.840.1.113883.19.3.297.15.37"/>
                  <assignedRepository classCode="DEV" determinerCode="INSTANCE">
                     <name>Jurisdiction X HIAL</name>
                  </assignedRepository>
                  <representedRepositoryJurisdiction classCode="STATE" determinerCode="INSTANCE">
                     <name>Saskatchewan</name>
                  </representedRepositoryJurisdiction>
               </assignedDevice>
            </custodian1>
            <custodian2 contextControlCode="OP" typeCode="CST">
               <serviceDeliveryLocation classCode="SDLOC">
                  <id displayable="true" extension="7-1234500-1" root="2.16.840.1.113883.19.3.291.3"/>
                  <code code="OF" codeSystem="2.16.840.1.113883.5.111"/>
                  <addr use="PHYS">1000 Hospital Lane<delimiter/>
                     <city>Ann Arbor</city>
                     <state>MI</state>
                     <postalCode>99999</postalCode>
                  </addr>
                  <telecom use="WP" value="tel:+1-555-555-3013;postd=999"/>
                  <location classCode="PLC" determinerCode="INSTANCE">
                     <name>GHH Outpatient Clinic</name>
                  </location>
               </serviceDeliveryLocation>
            </custodian2>
         </patientCareProvisionEvent>
      </subject>
      <subject typeCode="SUBJ" contextControlCode="AN" contextConductionInd="true">
         <patientCareProvisionEvent classCode="PCPR" moodCode="EVN" negationInd="false">
            <id root="69CEB02E-8D27-4EEB-9F29-A6A367EDE7AF" use="BUS"/>
            <code code="AMBHOSP" codeSystem="2.16.840.1.113883.5.4"/>
            <statusCode code="aborted"/>
            <effectiveTime xsi:type="IVL_TS" specializationType="IVL_TS.DATETIME">
               <low specializationType="TS.DATETIME" value="20090915225058.453-0700"/>
            </effectiveTime>
            <!--<effectiveTime>
    <low value="20090108221009.375-0700"/>
    <high value="20090108221009.375-0700"/>
  </effectiveTime> --><confidentialityCode code="N" codeSystem="2.16.840.1.113883.5.25"/>
            <subject2 typeCode="SBJ" contextControlCode="OP">
               <patient classCode="PAT">
                  <id displayable="true" root="2.16.840.1.113883.4.20" extension="666112999"/>
                  <patientPerson classCode="PSN" determinerCode="INSTANCE">
                     <name use="L" specializationType="PN.BASIC">
                        <family>Nuclear</family>
                        <given>John</given>
                        <prefix>Mr.</prefix>
                        <suffix>II</suffix>
                     </name>
                     <administrativeGenderCode codeSystem="2.16.840.1.113883.5.1" code="M"/>
                     <birthTime value="19480712"/>
                  </patientPerson>
               </patient>
            </subject2>
            <subject3 typeCode="SBJ" contextControlCode="OP">
               <patient classCode="PAT">
                  <patientEntityQuantifiedKind classCode="ENT" determinerCode="QUANTIFIED_KIND">
                     <quantity value="1"/>
                  </patientEntityQuantifiedKind>
               </patient>
            </subject3>
            <responsibleParty typeCode="RESP" contextControlCode="AP">
               <assignedEntity1 classCode="ASSIGNED">
                  <id xsi:type="II" specializationType="II.PUBLIC" displayable="true" extension="444222222" root="2.16.840.1.113883.19.4.207"/>
                  <code code="PHYS" codeSystem="2.16.840.1.113883.5.111"/>
                  <assignedPerson classCode="PSN" determinerCode="INSTANCE">
                     <name use="L" xsi:type="PN" specializationType="PN.BASIC">
                        <prefix>Dr.</prefix>
                        <given>Irving</given>
                        <given qualifier="IN">I</given>
                        <family>Intern</family>
                     </name>
                     <asHealthCareProvider classCode="PROV">
                        <id xsi:type="II" specializationType="II.PUBLIC" displayable="true" extension="200203444" root="2.16.840.1.113883.4.41"/>
                     </asHealthCareProvider>
                  </assignedPerson>
               </assignedEntity1>
            </responsibleParty>
            <performer typeCode="PRF" contextControlCode="OP">
               <assignedEntity1 classCode="ASSIGNED">
                  <id xsi:type="II" specializationType="II.PUBLIC" displayable="true" extension="444222222" root="2.16.840.1.113883.19.4.207"/>
                  <code code="PHYS" codeSystem="2.16.840.1.113883.5.111"/>
                  <assignedPerson classCode="PSN" determinerCode="INSTANCE">
                     <name use="L" xsi:type="PN" specializationType="PN.BASIC">
                        <prefix>Dr.</prefix>
                        <given>Irving</given>
                        <given qualifier="IN">I</given>
                        <family>Intern</family>
                     </name>
                     <asHealthCareProvider classCode="PROV">
                        <id xsi:type="II" specializationType="II.PUBLIC" displayable="true" extension="200203444" root="2.16.840.1.113883.4.41"/>
                     </asHealthCareProvider>
                  </assignedPerson>
               </assignedEntity1>
            </performer>
            <performer typeCode="PRF" contextControlCode="OP">
               <assignedEntity1 classCode="ASSIGNED">
                  <id xsi:type="II" specializationType="II.PUBLIC" displayable="true" extension="999222222" root="2.16.840.1.113883.19.4.207"/>
                  <code code="PHYS" codeSystem="2.16.840.1.113883.5.111"/>
                  <assignedPerson classCode="PSN" determinerCode="INSTANCE">
                     <name use="L" xsi:type="PN" specializationType="PN.BASIC">
                        <prefix>Dr.</prefix>
                        <given>Irving</given>
                        <given qualifier="IN">I</given>
                        <family>Intern</family>
                     </name>
                     <asHealthCareProvider classCode="PROV">
                        <id xsi:type="II" specializationType="II.PUBLIC" displayable="true" extension="200203999" root="2.16.840.1.113883.4.41"/>
                     </asHealthCareProvider>
                  </assignedPerson>
               </assignedEntity1>
            </performer>
            <performer typeCode="PRF" contextControlCode="OP">
               <assignedEntity1 classCode="ASSIGNED">
                  <id xsi:type="II" specializationType="II.PUBLIC" displayable="true" extension="111222222" root="2.16.840.1.113883.19.4.207"/>
                  <code code="PHYS" codeSystem="2.16.840.1.113883.5.111"/>
                  <assignedPerson classCode="PSN" determinerCode="INSTANCE">
                     <name use="L" xsi:type="PN" specializationType="PN.BASIC">
                        <prefix>Dr.</prefix>
                        <given>Irving</given>
                        <given qualifier="IN">I</given>
                        <family>Intern</family>
                     </name>
                     <asHealthCareProvider classCode="PROV">
                        <id xsi:type="II" specializationType="II.PUBLIC" displayable="true" extension="200203111" root="2.16.840.1.113883.4.41"/>
                     </asHealthCareProvider>
                  </assignedPerson>
               </assignedEntity1>
            </performer>
            <author contextControlCode="AP" typeCode="AUT">
               <time value="20090108221011-0700"/>
               <assignedEntity1 classCode="ASSIGNED">
                  <id xsi:type="II" specializationType="II.PUBLIC" displayable="true" extension="999222222" root="2.16.840.1.113883.19.4.207"/>
                  <code code="PHYS" codeSystem="2.16.840.1.113883.5.111"/>
                  <assignedPerson classCode="PSN" determinerCode="INSTANCE">
                     <name use="L" xsi:type="PN" specializationType="PN.BASIC">
                        <prefix>Dr.</prefix>
                        <given>Irving</given>
                        <given qualifier="IN">I</given>
                        <family>Intern</family>
                     </name>
                     <asHealthCareProvider classCode="PROV">
                        <id xsi:type="II" specializationType="II.PUBLIC" displayable="true" extension="200203999" root="2.16.840.1.113883.4.41"/>
                     </asHealthCareProvider>
                  </assignedPerson>
               </assignedEntity1>
            </author>
            <informant typeCode="INF" contextControlCode="AP">
               <assignedEntity1 classCode="ASSIGNED">
                  <id xsi:type="II" specializationType="II.PUBLIC" displayable="true" extension="111222222" root="2.16.840.1.113883.19.4.207"/>
                  <code code="PHYS" codeSystem="2.16.840.1.113883.5.111"/>
                  <assignedPerson classCode="PSN" determinerCode="INSTANCE">
                     <name use="L" xsi:type="PN" specializationType="PN.BASIC">
                        <prefix>Dr.</prefix>
                        <given>Irving</given>
                        <given qualifier="IN">I</given>
                        <family>Intern</family>
                     </name>
                     <asHealthCareProvider classCode="PROV">
                        <id xsi:type="II" specializationType="II.PUBLIC" displayable="true" extension="200203111" root="2.16.840.1.113883.4.41"/>
                     </asHealthCareProvider>
                  </assignedPerson>
               </assignedEntity1>
            </informant>
            <discharger typeCode="DIS" contextControlCode="OP">
               <assignedEntity1 classCode="ASSIGNED">
                  <id xsi:type="II" specializationType="II.PUBLIC" displayable="true" extension="111222222" root="2.16.840.1.113883.19.4.207"/>
                  <code code="PHYS" codeSystem="2.16.840.1.113883.5.111"/>
                  <assignedPerson classCode="PSN" determinerCode="INSTANCE">
                     <name use="L" xsi:type="PN" specializationType="PN.BASIC">
                        <prefix>Dr.</prefix>
                        <given>Irving</given>
                        <given qualifier="IN">I</given>
                        <family>Intern</family>
                     </name>
                     <asHealthCareProvider classCode="PROV">
                        <id xsi:type="II" specializationType="II.PUBLIC" displayable="true" extension="200203111" root="2.16.840.1.113883.4.41"/>
                     </asHealthCareProvider>
                  </assignedPerson>
               </assignedEntity1>
            </discharger>
            <custodian1 contextControlCode="AP" typeCode="CST">
               <assignedDevice classCode="ASSIGNED">
                  <id use="BUS" root="2.16.840.1.113883.19.3.297.15.37"/>
                  <assignedRepository classCode="DEV" determinerCode="INSTANCE">
                     <name>Jurisdiction X HIAL</name>
                  </assignedRepository>
                  <representedRepositoryJurisdiction classCode="STATE" determinerCode="INSTANCE">
                     <name>Saskatchewan</name>
                  </representedRepositoryJurisdiction>
               </assignedDevice>
            </custodian1>
            <custodian2 contextControlCode="OP" typeCode="CST">
               <serviceDeliveryLocation classCode="SDLOC">
                  <id displayable="true" extension="7-865733-2" root="2.16.840.1.113883.19.3.291.3"/>
                  <code code="OF" codeSystem="2.16.840.1.113883.5.111"/>
                  <addr use="PHYS">1001 Village Avenue<delimiter/>
                     <city>Ann Arbor</city>
                     <state>MI</state>
                     <postalCode>99999</postalCode>
                  </addr>
                  <telecom use="WP" value="tel:+1-555-555-4001"/>
                  <location classCode="PLC" determinerCode="INSTANCE">
                     <name>Community Urgent Care</name>
                  </location>
               </serviceDeliveryLocation>
            </custodian2>
            <!--
  <location contextControlCode="OP" typeCode="LOC">
    <serviceDeliveryLocation>
      <ex:content fragmentLocation="../CT/COCT_MT240007CA_ServiceDeliveryLocation - Service Delivery Location informational.xml"/>
    </serviceDeliveryLocation>
  </location> --></patientCareProvisionEvent>
      </subject>
      <subject typeCode="SUBJ" contextControlCode="AN" contextConductionInd="true">
         <patientCareProvisionEvent classCode="PCPR" moodCode="EVN" negationInd="false">
            <id root="69CEB02E-8D27-4EEB-9F29-A6A367EDE7AF" use="BUS"/>
            <code code="CONDEPI" codeSystem="2.16.840.1.113883.5.4"/>
            <statusCode code="active"/>
            <effectiveTime xsi:type="IVL_TS" specializationType="IVL_TS.DATETIME">
               <low specializationType="TS.DATETIME" value="20090915225058.453-0700"/>
            </effectiveTime>
            <!--<effectiveTime>
    <low value="20090108221009.375-0700"/>
    <high value="20090108221009.375-0700"/>
  </effectiveTime> --><confidentialityCode code="N" codeSystem="2.16.840.1.113883.5.25"/>
            <subject2 typeCode="SBJ" contextControlCode="OP">
               <patient classCode="PAT">
                  <id displayable="true" root="2.16.840.1.113883.4.20" extension="666112999"/>
                  <patientPerson classCode="PSN" determinerCode="INSTANCE">
                     <name use="L" specializationType="PN.BASIC">
                        <family>Nuclear</family>
                        <given>John</given>
                        <prefix>Mr.</prefix>
                        <suffix>II</suffix>
                     </name>
                     <administrativeGenderCode codeSystem="2.16.840.1.113883.5.1" code="M"/>
                     <birthTime value="19480712"/>
                  </patientPerson>
               </patient>
            </subject2>
            <subject3 typeCode="SBJ" contextControlCode="OP">
               <patient classCode="PAT">
                  <patientEntityQuantifiedKind classCode="ENT" determinerCode="QUANTIFIED_KIND">
                     <quantity value="1"/>
                  </patientEntityQuantifiedKind>
               </patient>
            </subject3>
            <responsibleParty typeCode="RESP" contextControlCode="AP">
               <assignedEntity1 classCode="ASSIGNED">
                  <id xsi:type="II" specializationType="II.PUBLIC" displayable="true" extension="444222222" root="2.16.840.1.113883.19.4.207"/>
                  <code code="PHYS" codeSystem="2.16.840.1.113883.5.111"/>
                  <assignedPerson classCode="PSN" determinerCode="INSTANCE">
                     <name use="L" xsi:type="PN" specializationType="PN.BASIC">
                        <prefix>Dr.</prefix>
                        <given>Irving</given>
                        <given qualifier="IN">I</given>
                        <family>Intern</family>
                     </name>
                     <asHealthCareProvider classCode="PROV">
                        <id xsi:type="II" specializationType="II.PUBLIC" displayable="true" extension="200203444" root="2.16.840.1.113883.4.41"/>
                     </asHealthCareProvider>
                  </assignedPerson>
               </assignedEntity1>
            </responsibleParty>
            <performer typeCode="PRF" contextControlCode="OP">
               <assignedEntity1 classCode="ASSIGNED">
                  <id xsi:type="II" specializationType="II.PUBLIC" displayable="true" extension="999222222" root="2.16.840.1.113883.19.4.207"/>
                  <code code="PHYS" codeSystem="2.16.840.1.113883.5.111"/>
                  <assignedPerson classCode="PSN" determinerCode="INSTANCE">
                     <name use="L" xsi:type="PN" specializationType="PN.BASIC">
                        <prefix>Dr.</prefix>
                        <given>Irving</given>
                        <given qualifier="IN">I</given>
                        <family>Intern</family>
                     </name>
                     <asHealthCareProvider classCode="PROV">
                        <id xsi:type="II" specializationType="II.PUBLIC" displayable="true" extension="200203999" root="2.16.840.1.113883.4.41"/>
                     </asHealthCareProvider>
                  </assignedPerson>
               </assignedEntity1>
            </performer>
            <author contextControlCode="AP" typeCode="AUT">
               <time value="20090108221011-0700"/>
               <assignedEntity1 classCode="ASSIGNED">
                  <id xsi:type="II" specializationType="II.PUBLIC" displayable="true" extension="999222222" root="2.16.840.1.113883.19.4.207"/>
                  <code code="PHYS" codeSystem="2.16.840.1.113883.5.111"/>
                  <assignedPerson classCode="PSN" determinerCode="INSTANCE">
                     <name use="L" xsi:type="PN" specializationType="PN.BASIC">
                        <prefix>Dr.</prefix>
                        <given>Irving</given>
                        <given qualifier="IN">I</given>
                        <family>Intern</family>
                     </name>
                     <asHealthCareProvider classCode="PROV">
                        <id xsi:type="II" specializationType="II.PUBLIC" displayable="true" extension="200203999" root="2.16.840.1.113883.4.41"/>
                     </asHealthCareProvider>
                  </assignedPerson>
               </assignedEntity1>
            </author>
            <informant typeCode="INF" contextControlCode="AP">
               <assignedEntity1 classCode="ASSIGNED">
                  <id xsi:type="II" specializationType="II.PUBLIC" displayable="true" extension="777222222" root="2.16.840.1.113883.19.4.207"/>
                  <code code="PHYS" codeSystem="2.16.840.1.113883.5.111"/>
                  <assignedPerson classCode="PSN" determinerCode="INSTANCE">
                     <name use="L" xsi:type="PN" specializationType="PN.BASIC">
                        <prefix>Dr.</prefix>
                        <given>Irving</given>
                        <given qualifier="IN">I</given>
                        <family>Intern</family>
                     </name>
                     <asHealthCareProvider classCode="PROV">
                        <id xsi:type="II" specializationType="II.PUBLIC" displayable="true" extension="200203777" root="2.16.840.1.113883.4.41"/>
                     </asHealthCareProvider>
                  </assignedPerson>
               </assignedEntity1>
            </informant>
            <custodian1 contextControlCode="AP" typeCode="CST">
               <assignedDevice classCode="ASSIGNED">
                  <id use="BUS" root="2.16.840.1.113883.19.3.297.15.37"/>
                  <assignedRepository classCode="DEV" determinerCode="INSTANCE">
                     <name>Jurisdiction X HIAL</name>
                  </assignedRepository>
                  <representedRepositoryJurisdiction classCode="STATE" determinerCode="INSTANCE">
                     <name>Saskatchewan</name>
                  </representedRepositoryJurisdiction>
               </assignedDevice>
            </custodian1>
            <custodian2 contextControlCode="OP" typeCode="CST">
               <serviceDeliveryLocation classCode="SDLOC">
                  <id displayable="true" extension="7-865733-2" root="2.16.840.1.113883.19.3.291.3"/>
                  <code code="OF" codeSystem="2.16.840.1.113883.5.111"/>
                  <addr use="PHYS">1001 Village Avenue<delimiter/>
                     <city>Ann Arbor</city>
                     <state>MI</state>
                     <postalCode>99999</postalCode>
                  </addr>
                  <telecom use="WP" value="tel:+1-555-555-4001"/>
                  <location classCode="PLC" determinerCode="INSTANCE">
                     <name>Community Urgent Care</name>
                  </location>
               </serviceDeliveryLocation>
            </custodian2>
         </patientCareProvisionEvent>
      </subject>
      <queryAck>
         <queryId root="33CBB7D2-2C90-3C4E-4F7F-D898F41399E8"/>
         <queryResponseCode code="NF"/>
         <resultTotalQuantity value="0"/>
         <resultCurrentQuantity value="0"/>
         <resultRemainingQuantity value="0"/>
      </queryAck>
      <queryByParameter>
         <queryId root="33CBB7D2-2C90-3C4E-4F7F-D898F41399E8"/>
         <parameterList>
            <mostRecentByTypeIndicator>
               <value value="false"/>
            </mostRecentByTypeIndicator>
         </parameterList>
      </queryByParameter>
   </controlActEvent>
</REPC_IN041200CA>