<?xml version="1.0" encoding="UTF-8"?><REPC_IN000064CA xmlns="urn:hl7-org:v3" xmlns:xsi="http://www.w3.org/2001/XMLSchema-instance" ITSVersion="XML_1.0" xsi:schemaLocation="urn:hl7-org:v3 ../Schemas/REPC_IN000064CA.xsd"><!--
    - Note: This is an example instance.  In a real instance the following differences would apply
    -     1. There would be no schema declaration.  (Receivers will validate against their own schemas)
    -     2. Example OIDs would be replaced by real OIDs
    -     3. Processing mode would be Production, not Debug
    -     4. Data would be real values :>
  --><realmCode code="CA"/>
   <id root="F044A43E-ED6B-8418-CB56-832388490DFA"/>
   <creationTime value="20090915224552.281-0700"/>
   <responseModeCode code="I"/>
   <versionCode code="V3-2008N"/>
   <interactionId root="2.16.840.1.113883.1.18" extension="REPC_IN000064CA" displayable="true"/>
   <profileId use="BUS" root="2.16.840.1.113883.2.20.2" extension="R02.04.02"/>
   <processingCode code="D"/>
   <processingModeCode code="T"/>
   <acceptAckCode code="NE"/>
   <receiver typeCode="RCV">
      <telecom value="http://100.100.100.100"/>
      <device classCode="DEV" determinerCode="INSTANCE">
         <id use="BUS" root="2.16.840.1.113883.19.3.297.15.37.0.47" extension="DIS01"/>
         <name>Jurisdiction X HIAL</name>
      </device>
   </receiver>
   <sender typeCode="SND">
      <telecom value="http://120.120.120.120"/>
      <device classCode="DEV" determinerCode="INSTANCE">
         <id use="BUS" root="2.16.840.1.113883.19.3.207.15.1.0.3" extension="DIS01"/>
         <name>Good Health Clinic</name>
      </device>
   </sender>
   <controlActEvent moodCode="EVN" classCode="CACT">
      <id use="BUS" root="2.16.840.1.113883.19.3.207.15.1.1" extension="986358037"/>
      <code codeSystem="2.16.840.1.113883.1.18" code="REPC_TE000057CA"/>
      <statusCode code="completed"/>
      <effectiveTime xsi:type="IVL_TS">
         <low value="20090915224552.281-0700"/>
      </effectiveTime>
      <languageCode code="en" codeSystem="2.16.840.1.113883.6.121"/>
      <recordTarget typeCode="RCT" contextControlCode="AP">
         <patient1 classCode="PAT">
            <id displayable="true" root="2.16.840.1.113883.4.20" extension="444114567"/>
            <patientPerson classCode="PSN" determinerCode="INSTANCE">
               <name use="L" specializationType="PN.BASIC">
                  <prefix>Ms.</prefix>
                  <given>Nancy</given>
                  <given qualifier="IN">D</given>
                  <family>Nuclear</family>
               </name>
               <administrativeGenderCode codeSystem="2.16.840.1.113883.5.1" code="F"/>
               <birthTime value="19700512"/>
            </patientPerson>
         </patient1>
      </recordTarget>
      <author typeCode="AUT" contextControlCode="AP">
         <time value="20090915224552.281-0700"/>
         <assignedEntity1 classCode="ASSIGNED">
            <id xsi:type="II" specializationType="II.PUBLIC" displayable="true" extension="222339999" root="2.16.840.1.113883.19.4.207"/>
            <assignedPerson classCode="PSN" determinerCode="INSTANCE">
               <name use="L" xsi:type="PN" specializationType="PN.BASIC">
                  <prefix>Dr.</prefix>
                  <given>Fay</given>
                  <given qualifier="IN">F</given>
                  <family>Family</family>
               </name>
               <asHealthCareProvider classCode="PROV">
                  <id xsi:type="II" specializationType="II.PUBLIC" displayable="true" extension="200202888" root="2.16.840.1.113883.4.41"/>
               </asHealthCareProvider>
            </assignedPerson>
         </assignedEntity1>
      </author>
      <location typeCode="LOC" contextControlCode="AP">
         <serviceDeliveryLocation classCode="SDLOC">
            <id xsi:type="II" specializationType="II.PUBLIC" extension="8-66733-1" displayable="true" root="2.16.840.1.113883.19.3.291.3"/>
            <location classCode="PLC" determinerCode="INSTANCE">
               <name>Good Health Clinic</name>
            </location>
         </serviceDeliveryLocation>
      </location>
      <subject typeCode="SUBJ" contextControlCode="AN" contextConductionInd="true">
         <commonObservationEvent classCode="OBS" moodCode="EVN">
            <code code="27191105" codeSystem="2.16.840.1.113883.6.96"/>
            <statusCode code="completed"/>
            <effectiveTime xsi:type="IVL_TS" specializationType="IVL_TS.DATETIME">
               <low specializationType="TS.DATETIME" value="20090915224552.281-0700"/>
               <high specializationType="TS.DATETIME" value="20090915224552.281-0700"/>
            </effectiveTime>
            <confidentialityCode code="N" codeSystem="2.16.840.1.113883.5.25"/>
            <interpretationCode code="N" codeSystem="2.16.840.1.113883.5.83"/>
            <performer typeCode="PRF" contextControlCode="OP">
               <assignedEntity1 classCode="ASSIGNED">
                  <id xsi:type="II" specializationType="II.PUBLIC" displayable="true" extension="444222222" root="2.16.840.1.113883.19.4.207"/>
                  <code code="PHYS" codeSystem="2.16.840.1.113883.5.111"/>
                  <assignedPerson classCode="PSN" determinerCode="INSTANCE">
                     <name use="L" xsi:type="PN" specializationType="PN.BASIC">
                        <prefix>Dr.</prefix>
                        <given>Irving</given>
                        <given qualifier="IN">I</given>
                        <family>Intern</family>
                     </name>
                     <asHealthCareProvider classCode="PROV">
                        <id xsi:type="II" specializationType="II.PUBLIC" displayable="true" extension="200203444" root="2.16.840.1.113883.4.41"/>
                     </asHealthCareProvider>
                  </assignedPerson>
               </assignedEntity1>
            </performer>
            <informant typeCode="INF" contextControlCode="AP">
               <patient classCode="PAT">
                  <id displayable="true" root="2.16.840.1.113883.4.20" extension="444114567"/>
                  <addr use="H PST PHYS">Apt A, 111 Some Street<delimiter/>
                     <city>Saskatoon</city>
                     <delimiter>,</delimiter>
                     <state code="CA-SK" codeSystem="2.16.840.1.113883.5.28">Saskatchewan</state>
                     <delimiter/>
                     <country code="CAN" codeSystem="2.16.840.1.113883.5.28">Canada</country>
                     <postalCode>S1S 1S1</postalCode>
                  </addr>
                  <telecom use="H" specializationType="TEL.PHONE" value="tel:+1-306-955-1234"/>
                  <patientPerson classCode="PSN" determinerCode="INSTANCE">
                     <name use="L" specializationType="PN.BASIC">
                        <prefix>Ms.</prefix>
                        <given>Nancy</given>
                        <given qualifier="IN">D</given>
                        <family>Nuclear</family>
                     </name>
                     <administrativeGenderCode codeSystem="2.16.840.1.113883.5.1" code="F"/>
                     <birthTime value="19700512"/>
                  </patientPerson>
               </patient>
            </informant>
         </commonObservationEvent>
      </subject>
   </controlActEvent>
</REPC_IN000064CA>