<?xml version="1.0" encoding="UTF-8"?><COMT_IN200000CA xmlns="urn:hl7-org:v3" xmlns:xsi="http://www.w3.org/2001/XMLSchema-instance" ITSVersion="XML_1.0" xsi:schemaLocation="urn:hl7-org:v3 ../Schemas/COMT_IN200000CA.xsd">
   <realmCode code="CA"/>
   <id root="6BD0FA6A-FF29-771F-187D-B13D0AD32691"/>
   <creationTime value="20090915224605.812-0700"/>
   <responseModeCode code="I"/>
   <versionCode code="V3-2008N"/>
   <interactionId root="2.16.840.1.113883.1.18" extension="COMT_IN200000CA" displayable="true"/>
   <profileId use="BUS" root="2.16.840.1.113883.2.20.2" extension="R02.04.02"/>
   <processingCode code="D"/>
   <processingModeCode code="T"/>
   <acceptAckCode code="NE"/>
   <receiver typeCode="RCV">
      <telecom value="http://120.120.120.120"/>
      <device classCode="DEV" determinerCode="INSTANCE">
         <id use="BUS" root="2.16.840.1.113883.19.3.207.15.1.0.3" extension="DIS01"/>
         <name>Good Health Clinic</name>
      </device>
   </receiver>
   <sender typeCode="SND">
      <telecom value="http://100.100.100.100"/>
      <device classCode="DEV" determinerCode="INSTANCE">
         <id use="BUS" root="2.16.840.1.113883.19.3.297.15.37.0.47" extension="DIS01"/>
         <name>Jurisdiction X HIAL</name>
      </device>
   </sender>
   <acknowledgement>
      <typeCode code="AA"/>
      <targetMessage>
         <id root="FAFDB98E-DA56-99D4-A890-0895B5FBD0FB"/>
      </targetMessage>
   </acknowledgement>
   <controlActEvent moodCode="EVN" classCode="CACT">
      <id use="BUS" root="2.16.840.1.113883.19.3.297.15.37.1" extension="070078500303243"/>
      <code codeSystem="2.16.840.1.113883.1.18" code="REPC_TE000097CA"/>
      <statusCode code="completed"/>
      <effectiveTime xsi:type="IVL_TS">
         <low value="20090915224604.812-0700"/>
      </effectiveTime>
      <languageCode code="en" codeSystem="2.16.840.1.113883.6.121"/>
      <recordTarget typeCode="RCT" contextControlCode="AP">
         <patient1 classCode="PAT">
            <id displayable="true" root="2.16.840.1.113883.4.20" extension="444114567"/>
            <patientPerson classCode="PSN" determinerCode="INSTANCE">
               <name use="L" specializationType="PN.BASIC">
                  <prefix>Ms.</prefix>
                  <given>Nancy</given>
                  <given qualifier="IN">D</given>
                  <family>Nuclear</family>
               </name>
               <administrativeGenderCode codeSystem="2.16.840.1.113883.5.1" code="F"/>
               <birthTime value="19700512"/>
            </patientPerson>
         </patient1>
      </recordTarget>
      <subject typeCode="SUBJ" contextControlCode="AN" contextConductionInd="true">
         <patientCareProvisionEvent1 classCode="PCPR" moodCode="EVN">
            <id use="BUS" root="2.16.840.1.113883.19.3.207.15.1.2" extension="9BUD9A2NJW"/>
            <code code="CHR" codeSystem="2.16.840.1.113883.5.4"/>
            <statusCode code="active"/>
            <effectiveTime xsi:type="IVL_TS" specializationType="IVL_TS.DATETIME">
               <low specializationType="TS.DATETIME" value="20090915224604.812-0700"/>
            </effectiveTime>
            <confidentialityCode code="N" codeSystem="2.16.840.1.113883.5.25"/>
            <subject2 typeCode="SBJ" contextControlCode="OP">
               <patient classCode="PAT">
                  <id displayable="true" root="2.16.840.1.113883.4.20" extension="444114567"/>
                  <patientPerson classCode="PSN" determinerCode="INSTANCE">
                     <name use="L" specializationType="PN.BASIC">
                        <prefix>Ms.</prefix>
                        <given>Nancy</given>
                        <given qualifier="IN">D</given>
                        <family>Nuclear</family>
                     </name>
                     <administrativeGenderCode codeSystem="2.16.840.1.113883.5.1" code="F"/>
                     <birthTime value="19700512"/>
                  </patientPerson>
               </patient>
            </subject2>
            <subject3 typeCode="SBJ" contextControlCode="OP">
               <patient classCode="PAT">
                  <patientEntityQuantifiedKind classCode="ENT" determinerCode="QUANTIFIED_KIND">
                     <quantity value="1"/>
                  </patientEntityQuantifiedKind>
               </patient>
            </subject3>
            <responsibleParty typeCode="RESP" contextControlCode="AP">
               <assignedEntity1 classCode="ASSIGNED">
                  <id xsi:type="II" specializationType="II.PUBLIC" displayable="true" extension="999222222" root="2.16.840.1.113883.19.4.207"/>
                  <code code="PHYS" codeSystem="2.16.840.1.113883.5.111"/>
                  <assignedPerson classCode="PSN" determinerCode="INSTANCE">
                     <name use="L" xsi:type="PN" specializationType="PN.BASIC">
                        <prefix>Dr.</prefix>
                        <given>Irving</given>
                        <given qualifier="IN">I</given>
                        <family>Intern</family>
                     </name>
                     <asHealthCareProvider classCode="PROV">
                        <id xsi:type="II" specializationType="II.PUBLIC" displayable="true" extension="200203999" root="2.16.840.1.113883.4.41"/>
                     </asHealthCareProvider>
                  </assignedPerson>
               </assignedEntity1>
            </responsibleParty>
            <performer typeCode="PRF" contextControlCode="OP">
               <assignedEntity1 classCode="ASSIGNED">
                  <id xsi:type="II" specializationType="II.PUBLIC" displayable="true" extension="444222222" root="2.16.840.1.113883.19.4.207"/>
                  <code code="PHYS" codeSystem="2.16.840.1.113883.5.111"/>
                  <assignedPerson classCode="PSN" determinerCode="INSTANCE">
                     <name use="L" xsi:type="PN" specializationType="PN.BASIC">
                        <prefix>Dr.</prefix>
                        <given>Irving</given>
                        <given qualifier="IN">I</given>
                        <family>Intern</family>
                     </name>
                     <asHealthCareProvider classCode="PROV">
                        <id xsi:type="II" specializationType="II.PUBLIC" displayable="true" extension="200203444" root="2.16.840.1.113883.4.41"/>
                     </asHealthCareProvider>
                  </assignedPerson>
               </assignedEntity1>
            </performer>
            <author typeCode="AUT" contextControlCode="AP">
               <time value="20090915224604.812-0700"/>
               <assignedEntity1 classCode="ASSIGNED">
                  <id xsi:type="II" specializationType="II.PUBLIC" displayable="true" extension="999222222" root="2.16.840.1.113883.19.4.207"/>
                  <code code="PHYS" codeSystem="2.16.840.1.113883.5.111"/>
                  <assignedPerson classCode="PSN" determinerCode="INSTANCE">
                     <name use="L" xsi:type="PN" specializationType="PN.BASIC">
                        <prefix>Dr.</prefix>
                        <given>Irving</given>
                        <given qualifier="IN">I</given>
                        <family>Intern</family>
                     </name>
                     <asHealthCareProvider classCode="PROV">
                        <id xsi:type="II" specializationType="II.PUBLIC" displayable="true" extension="200203999" root="2.16.840.1.113883.4.41"/>
                     </asHealthCareProvider>
                  </assignedPerson>
               </assignedEntity1>
            </author>
            <informant typeCode="INF" contextControlCode="AP">
               <assignedEntity1 classCode="ASSIGNED">
                  <id xsi:type="II" specializationType="II.PUBLIC" displayable="true" extension="555222222" root="2.16.840.1.113883.19.4.207"/>
                  <code code="PHYS" codeSystem="2.16.840.1.113883.5.111"/>
                  <assignedPerson classCode="PSN" determinerCode="INSTANCE">
                     <name use="L" xsi:type="PN" specializationType="PN.BASIC">
                        <prefix>Dr.</prefix>
                        <given>Irving</given>
                        <given qualifier="IN">I</given>
                        <family>Intern</family>
                     </name>
                     <asHealthCareProvider classCode="PROV">
                        <id xsi:type="II" specializationType="II.PUBLIC" displayable="true" extension="200203555" root="2.16.840.1.113883.4.41"/>
                     </asHealthCareProvider>
                  </assignedPerson>
               </assignedEntity1>
            </informant>
            <custodian1 typeCode="CST" contextControlCode="AP">
               <assignedDevice classCode="ASSIGNED">
                  <id use="BUS" root="2.16.840.1.113883.19.3.297.15.37"/>
                  <assignedRepository classCode="DEV" determinerCode="INSTANCE">
                     <name>Jurisdiction X HIAL</name>
                  </assignedRepository>
                  <representedRepositoryJurisdiction classCode="STATE" determinerCode="INSTANCE">
                     <name>Saskatchewan</name>
                  </representedRepositoryJurisdiction>
               </assignedDevice>
            </custodian1>
            <custodian2 typeCode="CST" contextControlCode="OP">
               <serviceDeliveryLocation classCode="SDLOC">
                  <id displayable="true" extension="7-1234500-1" root="2.16.840.1.113883.19.3.291.3"/>
                  <code code="OF" codeSystem="2.16.840.1.113883.5.111"/>
                  <addr use="PHYS">1000 Hospital Lane<delimiter/>
                     <city>Ann Arbor</city>
                     <state>MI</state>
                     <postalCode>99999</postalCode>
                  </addr>
                  <telecom use="WP" value="tel:+1-555-555-3013;postd=999"/>
                  <location classCode="PLC" determinerCode="INSTANCE">
                     <name>GHH Outpatient Clinic</name>
                  </location>
               </serviceDeliveryLocation>
            </custodian2>
            <subjectOf1 typeCode="SUBJ" contextControlCode="ON" contextConductionInd="false">
               <subsetCode code="SUM"/>
               <annotationIndicator classCode="ACT" moodCode="EVN">
                  <statusCode code="completed"/>
               </annotationIndicator>
            </subjectOf1>
         </patientCareProvisionEvent1>
      </subject>
      <subject typeCode="SUBJ" contextControlCode="AN" contextConductionInd="true">
         <patientCareProvisionEvent1 classCode="PCPR" moodCode="EVN">
            <id use="BUS" root="2.16.840.1.113883.19.3.207.15.1.18" extension="ITW2W124HUG"/>
            <code code="CONDEPI" codeSystem="2.16.840.1.113883.2.20.5.2"/>
            <statusCode code="active"/>
            <effectiveTime xsi:type="IVL_TS" specializationType="IVL_TS.DATETIME">
               <low specializationType="TS.DATETIME" value="20090915224604.812-0700"/>
            </effectiveTime>
            <confidentialityCode code="N" codeSystem="2.16.840.1.113883.5.25"/>
            <subject2 typeCode="SBJ" contextControlCode="OP">
               <patient classCode="PAT">
                  <id displayable="true" root="2.16.840.1.113883.4.20" extension="444114567"/>
                  <patientPerson classCode="PSN" determinerCode="INSTANCE">
                     <name use="L" specializationType="PN.BASIC">
                        <prefix>Ms.</prefix>
                        <given>Nancy</given>
                        <given qualifier="IN">D</given>
                        <family>Nuclear</family>
                     </name>
                     <administrativeGenderCode codeSystem="2.16.840.1.113883.5.1" code="F"/>
                     <birthTime value="19700512"/>
                  </patientPerson>
               </patient>
            </subject2>
            <subject3 typeCode="SBJ" contextControlCode="OP">
               <patient classCode="PAT">
                  <patientEntityQuantifiedKind classCode="ENT" determinerCode="QUANTIFIED_KIND">
                     <quantity value="1"/>
                  </patientEntityQuantifiedKind>
               </patient>
            </subject3>
            <responsibleParty typeCode="RESP" contextControlCode="AP">
               <assignedEntity1 classCode="ASSIGNED">
                  <id xsi:type="II" specializationType="II.PUBLIC" displayable="true" extension="999222222" root="2.16.840.1.113883.19.4.207"/>
                  <code code="PHYS" codeSystem="2.16.840.1.113883.5.111"/>
                  <assignedPerson classCode="PSN" determinerCode="INSTANCE">
                     <name use="L" xsi:type="PN" specializationType="PN.BASIC">
                        <prefix>Dr.</prefix>
                        <given>Irving</given>
                        <given qualifier="IN">I</given>
                        <family>Intern</family>
                     </name>
                     <asHealthCareProvider classCode="PROV">
                        <id xsi:type="II" specializationType="II.PUBLIC" displayable="true" extension="200203999" root="2.16.840.1.113883.4.41"/>
                     </asHealthCareProvider>
                  </assignedPerson>
               </assignedEntity1>
            </responsibleParty>
            <performer typeCode="PRF" contextControlCode="OP">
               <assignedEntity1 classCode="ASSIGNED">
                  <id xsi:type="II" specializationType="II.PUBLIC" displayable="true" extension="444222222" root="2.16.840.1.113883.19.4.207"/>
                  <code code="PHYS" codeSystem="2.16.840.1.113883.5.111"/>
                  <assignedPerson classCode="PSN" determinerCode="INSTANCE">
                     <name use="L" xsi:type="PN" specializationType="PN.BASIC">
                        <prefix>Dr.</prefix>
                        <given>Irving</given>
                        <given qualifier="IN">I</given>
                        <family>Intern</family>
                     </name>
                     <asHealthCareProvider classCode="PROV">
                        <id xsi:type="II" specializationType="II.PUBLIC" displayable="true" extension="200203444" root="2.16.840.1.113883.4.41"/>
                     </asHealthCareProvider>
                  </assignedPerson>
               </assignedEntity1>
            </performer>
            <performer typeCode="PRF" contextControlCode="OP">
               <assignedEntity1 classCode="ASSIGNED">
                  <id xsi:type="II" specializationType="II.PUBLIC" displayable="true" extension="999222222" root="2.16.840.1.113883.19.4.207"/>
                  <code code="PHYS" codeSystem="2.16.840.1.113883.5.111"/>
                  <assignedPerson classCode="PSN" determinerCode="INSTANCE">
                     <name use="L" xsi:type="PN" specializationType="PN.BASIC">
                        <prefix>Dr.</prefix>
                        <given>Irving</given>
                        <given qualifier="IN">I</given>
                        <family>Intern</family>
                     </name>
                     <asHealthCareProvider classCode="PROV">
                        <id xsi:type="II" specializationType="II.PUBLIC" displayable="true" extension="200203999" root="2.16.840.1.113883.4.41"/>
                     </asHealthCareProvider>
                  </assignedPerson>
               </assignedEntity1>
            </performer>
            <author typeCode="AUT" contextControlCode="AP">
               <time value="20090915224604.812-0700"/>
               <assignedEntity1 classCode="ASSIGNED">
                  <id xsi:type="II" specializationType="II.PUBLIC" displayable="true" extension="999222222" root="2.16.840.1.113883.19.4.207"/>
                  <code code="PHYS" codeSystem="2.16.840.1.113883.5.111"/>
                  <assignedPerson classCode="PSN" determinerCode="INSTANCE">
                     <name use="L" xsi:type="PN" specializationType="PN.BASIC">
                        <prefix>Dr.</prefix>
                        <given>Irving</given>
                        <given qualifier="IN">I</given>
                        <family>Intern</family>
                     </name>
                     <asHealthCareProvider classCode="PROV">
                        <id xsi:type="II" specializationType="II.PUBLIC" displayable="true" extension="200203999" root="2.16.840.1.113883.4.41"/>
                     </asHealthCareProvider>
                  </assignedPerson>
               </assignedEntity1>
            </author>
            <informant typeCode="INF" contextControlCode="AP">
               <assignedEntity1 classCode="ASSIGNED">
                  <id xsi:type="II" specializationType="II.PUBLIC" displayable="true" extension="555222222" root="2.16.840.1.113883.19.4.207"/>
                  <code code="PHYS" codeSystem="2.16.840.1.113883.5.111"/>
                  <assignedPerson classCode="PSN" determinerCode="INSTANCE">
                     <name use="L" xsi:type="PN" specializationType="PN.BASIC">
                        <prefix>Dr.</prefix>
                        <given>Irving</given>
                        <given qualifier="IN">I</given>
                        <family>Intern</family>
                     </name>
                     <asHealthCareProvider classCode="PROV">
                        <id xsi:type="II" specializationType="II.PUBLIC" displayable="true" extension="200203555" root="2.16.840.1.113883.4.41"/>
                     </asHealthCareProvider>
                  </assignedPerson>
               </assignedEntity1>
            </informant>
            <custodian1 typeCode="CST" contextControlCode="AP">
               <assignedDevice classCode="ASSIGNED">
                  <id use="BUS" root="2.16.840.1.113883.19.3.297.15.37"/>
                  <assignedRepository classCode="DEV" determinerCode="INSTANCE">
                     <name>Jurisdiction X HIAL</name>
                  </assignedRepository>
                  <representedRepositoryJurisdiction classCode="STATE" determinerCode="INSTANCE">
                     <name>Saskatchewan</name>
                  </representedRepositoryJurisdiction>
               </assignedDevice>
            </custodian1>
            <custodian2 typeCode="CST" contextControlCode="OP">
               <serviceDeliveryLocation classCode="SDLOC">
                  <id displayable="true" extension="7-1234500-1" root="2.16.840.1.113883.19.3.291.3"/>
                  <code code="OF" codeSystem="2.16.840.1.113883.5.111"/>
                  <addr use="PHYS">1000 Hospital Lane<delimiter/>
                     <city>Ann Arbor</city>
                     <state>MI</state>
                     <postalCode>99999</postalCode>
                  </addr>
                  <telecom use="WP" value="tel:+1-555-555-3013;postd=999"/>
                  <location classCode="PLC" determinerCode="INSTANCE">
                     <name>GHH Outpatient Clinic</name>
                  </location>
               </serviceDeliveryLocation>
            </custodian2>
            <reason contextControlCode="AN" typeCode="RSON" contextConductionInd="true">
               <observationProblem classCode="OBS" moodCode="EVN">
                  <code code="ASSERTION" codeSystem="2.16.840.1.113883.5.4"/>
                  <statusCode code="completed"/>
                  <value codeSystem="2.16.840.1.113883.6.96" code="73211009"/>
               </observationProblem>
            </reason>
            <subjectOf1 typeCode="SUBJ" contextControlCode="ON" contextConductionInd="false">
               <subsetCode code="SUM"/>
               <annotationIndicator classCode="ACT" moodCode="EVN">
                  <statusCode code="completed"/>
               </annotationIndicator>
            </subjectOf1>
         </patientCareProvisionEvent1>
      </subject>
      <subject typeCode="SUBJ" contextControlCode="AN" contextConductionInd="true">
         <patientCareProvisionEvent1 classCode="PCPR" moodCode="EVN">
            <id use="BUS" root="2.16.840.1.113883.19.3.207.15.1.13" extension="IMBUZ6U7ZXEB3"/>
            <code code="AMBHOSP" codeSystem="2.16.840.1.113883.2.20.5.2"/>
            <statusCode code="active"/>
            <effectiveTime xsi:type="IVL_TS" specializationType="IVL_TS.DATETIME">
               <low specializationType="TS.DATETIME" value="20090915224604.812-0700"/>
            </effectiveTime>
            <confidentialityCode code="N" codeSystem="2.16.840.1.113883.5.25"/>
            <subject2 typeCode="SBJ" contextControlCode="OP">
               <patient classCode="PAT">
                  <id displayable="true" root="2.16.840.1.113883.4.20" extension="444114567"/>
                  <patientPerson classCode="PSN" determinerCode="INSTANCE">
                     <name use="L" specializationType="PN.BASIC">
                        <prefix>Ms.</prefix>
                        <given>Nancy</given>
                        <given qualifier="IN">D</given>
                        <family>Nuclear</family>
                     </name>
                     <administrativeGenderCode codeSystem="2.16.840.1.113883.5.1" code="F"/>
                     <birthTime value="19700512"/>
                  </patientPerson>
               </patient>
            </subject2>
            <subject3 typeCode="SBJ" contextControlCode="OP">
               <patient classCode="PAT">
                  <patientEntityQuantifiedKind classCode="ENT" determinerCode="QUANTIFIED_KIND">
                     <quantity value="1"/>
                  </patientEntityQuantifiedKind>
               </patient>
            </subject3>
            <responsibleParty typeCode="RESP" contextControlCode="AP">
               <assignedEntity1 classCode="ASSIGNED">
                  <id xsi:type="II" specializationType="II.PUBLIC" displayable="true" extension="999222222" root="2.16.840.1.113883.19.4.207"/>
                  <code code="PHYS" codeSystem="2.16.840.1.113883.5.111"/>
                  <assignedPerson classCode="PSN" determinerCode="INSTANCE">
                     <name use="L" xsi:type="PN" specializationType="PN.BASIC">
                        <prefix>Dr.</prefix>
                        <given>Irving</given>
                        <given qualifier="IN">I</given>
                        <family>Intern</family>
                     </name>
                     <asHealthCareProvider classCode="PROV">
                        <id xsi:type="II" specializationType="II.PUBLIC" displayable="true" extension="200203999" root="2.16.840.1.113883.4.41"/>
                     </asHealthCareProvider>
                  </assignedPerson>
               </assignedEntity1>
            </responsibleParty>
            <performer typeCode="PRF" contextControlCode="OP">
               <assignedEntity1 classCode="ASSIGNED">
                  <id xsi:type="II" specializationType="II.PUBLIC" displayable="true" extension="444222222" root="2.16.840.1.113883.19.4.207"/>
                  <code code="PHYS" codeSystem="2.16.840.1.113883.5.111"/>
                  <assignedPerson classCode="PSN" determinerCode="INSTANCE">
                     <name use="L" xsi:type="PN" specializationType="PN.BASIC">
                        <prefix>Dr.</prefix>
                        <given>Irving</given>
                        <given qualifier="IN">I</given>
                        <family>Intern</family>
                     </name>
                     <asHealthCareProvider classCode="PROV">
                        <id xsi:type="II" specializationType="II.PUBLIC" displayable="true" extension="200203444" root="2.16.840.1.113883.4.41"/>
                     </asHealthCareProvider>
                  </assignedPerson>
               </assignedEntity1>
            </performer>
            <performer typeCode="PRF" contextControlCode="OP">
               <assignedEntity1 classCode="ASSIGNED">
                  <id xsi:type="II" specializationType="II.PUBLIC" displayable="true" extension="999222222" root="2.16.840.1.113883.19.4.207"/>
                  <code code="PHYS" codeSystem="2.16.840.1.113883.5.111"/>
                  <assignedPerson classCode="PSN" determinerCode="INSTANCE">
                     <name use="L" xsi:type="PN" specializationType="PN.BASIC">
                        <prefix>Dr.</prefix>
                        <given>Irving</given>
                        <given qualifier="IN">I</given>
                        <family>Intern</family>
                     </name>
                     <asHealthCareProvider classCode="PROV">
                        <id xsi:type="II" specializationType="II.PUBLIC" displayable="true" extension="200203999" root="2.16.840.1.113883.4.41"/>
                     </asHealthCareProvider>
                  </assignedPerson>
               </assignedEntity1>
            </performer>
            <performer typeCode="PRF" contextControlCode="OP">
               <assignedEntity1 classCode="ASSIGNED">
                  <id xsi:type="II" specializationType="II.PUBLIC" displayable="true" extension="111222222" root="2.16.840.1.113883.19.4.207"/>
                  <code code="PHYS" codeSystem="2.16.840.1.113883.5.111"/>
                  <assignedPerson classCode="PSN" determinerCode="INSTANCE">
                     <name use="L" xsi:type="PN" specializationType="PN.BASIC">
                        <prefix>Dr.</prefix>
                        <given>Irving</given>
                        <given qualifier="IN">I</given>
                        <family>Intern</family>
                     </name>
                     <asHealthCareProvider classCode="PROV">
                        <id xsi:type="II" specializationType="II.PUBLIC" displayable="true" extension="200203111" root="2.16.840.1.113883.4.41"/>
                     </asHealthCareProvider>
                  </assignedPerson>
               </assignedEntity1>
            </performer>
            <author typeCode="AUT" contextControlCode="AP">
               <time value="20090915224604.812-0700"/>
               <assignedEntity1 classCode="ASSIGNED">
                  <id xsi:type="II" specializationType="II.PUBLIC" displayable="true" extension="999222222" root="2.16.840.1.113883.19.4.207"/>
                  <code code="PHYS" codeSystem="2.16.840.1.113883.5.111"/>
                  <assignedPerson classCode="PSN" determinerCode="INSTANCE">
                     <name use="L" xsi:type="PN" specializationType="PN.BASIC">
                        <prefix>Dr.</prefix>
                        <given>Irving</given>
                        <given qualifier="IN">I</given>
                        <family>Intern</family>
                     </name>
                     <asHealthCareProvider classCode="PROV">
                        <id xsi:type="II" specializationType="II.PUBLIC" displayable="true" extension="200203999" root="2.16.840.1.113883.4.41"/>
                     </asHealthCareProvider>
                  </assignedPerson>
               </assignedEntity1>
            </author>
            <informant typeCode="INF" contextControlCode="AP">
               <assignedEntity1 classCode="ASSIGNED">
                  <id xsi:type="II" specializationType="II.PUBLIC" displayable="true" extension="111222222" root="2.16.840.1.113883.19.4.207"/>
                  <code code="PHYS" codeSystem="2.16.840.1.113883.5.111"/>
                  <assignedPerson classCode="PSN" determinerCode="INSTANCE">
                     <name use="L" xsi:type="PN" specializationType="PN.BASIC">
                        <prefix>Dr.</prefix>
                        <given>Irving</given>
                        <given qualifier="IN">I</given>
                        <family>Intern</family>
                     </name>
                     <asHealthCareProvider classCode="PROV">
                        <id xsi:type="II" specializationType="II.PUBLIC" displayable="true" extension="200203111" root="2.16.840.1.113883.4.41"/>
                     </asHealthCareProvider>
                  </assignedPerson>
               </assignedEntity1>
            </informant>
            <discharger typeCode="DIS" contextControlCode="OP">
               <assignedEntity1 classCode="ASSIGNED">
                  <id xsi:type="II" specializationType="II.PUBLIC" displayable="true" extension="111222222" root="2.16.840.1.113883.19.4.207"/>
                  <code code="PHYS" codeSystem="2.16.840.1.113883.5.111"/>
                  <assignedPerson classCode="PSN" determinerCode="INSTANCE">
                     <name use="L" xsi:type="PN" specializationType="PN.BASIC">
                        <prefix>Dr.</prefix>
                        <given>Irving</given>
                        <given qualifier="IN">I</given>
                        <family>Intern</family>
                     </name>
                     <asHealthCareProvider classCode="PROV">
                        <id xsi:type="II" specializationType="II.PUBLIC" displayable="true" extension="200203111" root="2.16.840.1.113883.4.41"/>
                     </asHealthCareProvider>
                  </assignedPerson>
               </assignedEntity1>
            </discharger>
            <custodian1 typeCode="CST" contextControlCode="AP">
               <assignedDevice classCode="ASSIGNED">
                  <id use="BUS" root="2.16.840.1.113883.19.3.297.15.37"/>
                  <assignedRepository classCode="DEV" determinerCode="INSTANCE">
                     <name>Jurisdiction X HIAL</name>
                  </assignedRepository>
                  <representedRepositoryJurisdiction classCode="STATE" determinerCode="INSTANCE">
                     <name>Saskatchewan</name>
                  </representedRepositoryJurisdiction>
               </assignedDevice>
            </custodian1>
            <custodian2 typeCode="CST" contextControlCode="OP">
               <serviceDeliveryLocation classCode="SDLOC">
                  <id displayable="true" extension="7-1234500-1" root="2.16.840.1.113883.19.3.291.3"/>
                  <code code="OF" codeSystem="2.16.840.1.113883.5.111"/>
                  <addr use="PHYS">1000 Hospital Lane<delimiter/>
                     <city>Ann Arbor</city>
                     <state>MI</state>
                     <postalCode>99999</postalCode>
                  </addr>
                  <telecom use="WP" value="tel:+1-555-555-3013;postd=999"/>
                  <location classCode="PLC" determinerCode="INSTANCE">
                     <name>GHH Outpatient Clinic</name>
                  </location>
               </serviceDeliveryLocation>
            </custodian2>
            <subjectOf1 typeCode="SUBJ" contextControlCode="ON" contextConductionInd="false">
               <subsetCode code="SUM"/>
               <annotationIndicator classCode="ACT" moodCode="EVN">
                  <statusCode code="completed"/>
               </annotationIndicator>
            </subjectOf1>
         </patientCareProvisionEvent1>
      </subject>
      <subject typeCode="SUBJ" contextControlCode="AN" contextConductionInd="true">
         <procedureEvent1 classCode="PROC" moodCode="EVN">
            <id use="BUS" root="2.16.840.1.113883.19.3.207.15.1.17" extension="8O9D5JXX2"/>
            <code code="408953007" codeSystem="2.16.840.1.113883.6.96"/>
            <statusCode code="completed"/>
            <effectiveTime xsi:type="IVL_TS" specializationType="IVL_TS.FULLDATE">
               <low specializationType="TS.FULLDATE" value="20090915"/>
               <high specializationType="TS.FULLDATE" value="20090915"/>
            </effectiveTime>
            <confidentialityCode code="N" codeSystem="2.16.840.1.113883.5.25"/>
            <responsibleParty typeCode="RESP" contextControlCode="AP">
               <assignedEntity1 classCode="ASSIGNED">
                  <id xsi:type="II" specializationType="II.PUBLIC" displayable="true" extension="999222222" root="2.16.840.1.113883.19.4.207"/>
                  <code code="PHYS" codeSystem="2.16.840.1.113883.5.111"/>
                  <assignedPerson classCode="PSN" determinerCode="INSTANCE">
                     <name use="L" xsi:type="PN" specializationType="PN.BASIC">
                        <prefix>Dr.</prefix>
                        <given>Irving</given>
                        <given qualifier="IN">I</given>
                        <family>Intern</family>
                     </name>
                     <asHealthCareProvider classCode="PROV">
                        <id xsi:type="II" specializationType="II.PUBLIC" displayable="true" extension="200203999" root="2.16.840.1.113883.4.41"/>
                     </asHealthCareProvider>
                  </assignedPerson>
               </assignedEntity1>
            </responsibleParty>
            <performer typeCode="PRF" contextControlCode="OP">
               <assignedEntity1 classCode="ASSIGNED">
                  <id xsi:type="II" specializationType="II.PUBLIC" displayable="true" extension="999222222" root="2.16.840.1.113883.19.4.207"/>
                  <code code="PHYS" codeSystem="2.16.840.1.113883.5.111"/>
                  <assignedPerson classCode="PSN" determinerCode="INSTANCE">
                     <name use="L" xsi:type="PN" specializationType="PN.BASIC">
                        <prefix>Dr.</prefix>
                        <given>Irving</given>
                        <given qualifier="IN">I</given>
                        <family>Intern</family>
                     </name>
                     <asHealthCareProvider classCode="PROV">
                        <id xsi:type="II" specializationType="II.PUBLIC" displayable="true" extension="200203999" root="2.16.840.1.113883.4.41"/>
                     </asHealthCareProvider>
                  </assignedPerson>
               </assignedEntity1>
            </performer>
            <author typeCode="AUT" contextControlCode="OP">
               <time value="20090915224604.812-0700"/>
               <assignedEntity1 classCode="ASSIGNED">
                  <id xsi:type="II" specializationType="II.PUBLIC" displayable="true" extension="999222222" root="2.16.840.1.113883.19.4.207"/>
                  <code code="PHYS" codeSystem="2.16.840.1.113883.5.111"/>
                  <assignedPerson classCode="PSN" determinerCode="INSTANCE">
                     <name use="L" xsi:type="PN" specializationType="PN.BASIC">
                        <prefix>Dr.</prefix>
                        <given>Irving</given>
                        <given qualifier="IN">I</given>
                        <family>Intern</family>
                     </name>
                     <asHealthCareProvider classCode="PROV">
                        <id xsi:type="II" specializationType="II.PUBLIC" displayable="true" extension="200203999" root="2.16.840.1.113883.4.41"/>
                     </asHealthCareProvider>
                  </assignedPerson>
               </assignedEntity1>
            </author>
            <informant typeCode="INF" contextControlCode="AP">
               <assignedEntity1 classCode="ASSIGNED">
                  <id xsi:type="II" specializationType="II.PUBLIC" displayable="true" extension="555222222" root="2.16.840.1.113883.19.4.207"/>
                  <code code="PHYS" codeSystem="2.16.840.1.113883.5.111"/>
                  <assignedPerson classCode="PSN" determinerCode="INSTANCE">
                     <name use="L" xsi:type="PN" specializationType="PN.BASIC">
                        <prefix>Dr.</prefix>
                        <given>Irving</given>
                        <given qualifier="IN">I</given>
                        <family>Intern</family>
                     </name>
                     <asHealthCareProvider classCode="PROV">
                        <id xsi:type="II" specializationType="II.PUBLIC" displayable="true" extension="200203555" root="2.16.840.1.113883.4.41"/>
                     </asHealthCareProvider>
                  </assignedPerson>
               </assignedEntity1>
            </informant>
            <custodian1 typeCode="CST" contextControlCode="AP">
               <assignedDevice classCode="ASSIGNED">
                  <id use="BUS" root="2.16.840.1.113883.19.3.297.15.37"/>
                  <assignedRepository classCode="DEV" determinerCode="INSTANCE">
                     <name>Jurisdiction X HIAL</name>
                  </assignedRepository>
                  <representedRepositoryJurisdiction classCode="STATE" determinerCode="INSTANCE">
                     <name>Saskatchewan</name>
                  </representedRepositoryJurisdiction>
               </assignedDevice>
            </custodian1>
            <custodian2 typeCode="CST" contextControlCode="OP">
               <serviceDeliveryLocation classCode="SDLOC">
                  <id displayable="true" extension="7-1234500-1" root="2.16.840.1.113883.19.3.291.3"/>
                  <code code="OF" codeSystem="2.16.840.1.113883.5.111"/>
                  <addr use="PHYS">1000 Hospital Lane<delimiter/>
                     <city>Ann Arbor</city>
                     <state>MI</state>
                     <postalCode>99999</postalCode>
                  </addr>
                  <telecom use="WP" value="tel:+1-555-555-3013;postd=999"/>
                  <location classCode="PLC" determinerCode="INSTANCE">
                     <name>GHH Outpatient Clinic</name>
                  </location>
               </serviceDeliveryLocation>
            </custodian2>
            <componentOf1 typeCode="COMP" contextControlCode="ON" contextConductionInd="false">
               <workingListEvent classCode="LIST" moodCode="EVN">
                  <code code="409073007" codeSystem="2.16.840.1.113883.6.96"/>
               </workingListEvent>
            </componentOf1>
         </procedureEvent1>
      </subject>
      <subject typeCode="SUBJ" contextControlCode="AN" contextConductionInd="true">
         <procedureEvent1 classCode="PROC" moodCode="EVN">
            <id use="BUS" root="2.16.840.1.113883.19.3.207.15.1.17" extension="ZHJRD441"/>
            <code code="1741840064" codeSystem="2.16.840.1.113883.6.96"/>
            <statusCode code="completed"/>
            <effectiveTime xsi:type="IVL_TS" specializationType="IVL_TS.FULLDATE">
               <low specializationType="TS.FULLDATE" value="20090915"/>
               <high specializationType="TS.FULLDATE" value="20090915"/>
            </effectiveTime>
            <confidentialityCode code="N" codeSystem="2.16.840.1.113883.5.25"/>
            <responsibleParty typeCode="RESP" contextControlCode="AP">
               <assignedEntity1 classCode="ASSIGNED">
                  <id xsi:type="II" specializationType="II.PUBLIC" displayable="true" extension="999222222" root="2.16.840.1.113883.19.4.207"/>
                  <code code="PHYS" codeSystem="2.16.840.1.113883.5.111"/>
                  <assignedPerson classCode="PSN" determinerCode="INSTANCE">
                     <name use="L" xsi:type="PN" specializationType="PN.BASIC">
                        <prefix>Dr.</prefix>
                        <given>Irving</given>
                        <given qualifier="IN">I</given>
                        <family>Intern</family>
                     </name>
                     <asHealthCareProvider classCode="PROV">
                        <id xsi:type="II" specializationType="II.PUBLIC" displayable="true" extension="200203999" root="2.16.840.1.113883.4.41"/>
                     </asHealthCareProvider>
                  </assignedPerson>
               </assignedEntity1>
            </responsibleParty>
            <performer typeCode="PRF" contextControlCode="OP">
               <assignedEntity1 classCode="ASSIGNED">
                  <id xsi:type="II" specializationType="II.PUBLIC" displayable="true" extension="444222222" root="2.16.840.1.113883.19.4.207"/>
                  <code code="PHYS" codeSystem="2.16.840.1.113883.5.111"/>
                  <assignedPerson classCode="PSN" determinerCode="INSTANCE">
                     <name use="L" xsi:type="PN" specializationType="PN.BASIC">
                        <prefix>Dr.</prefix>
                        <given>Irving</given>
                        <given qualifier="IN">I</given>
                        <family>Intern</family>
                     </name>
                     <asHealthCareProvider classCode="PROV">
                        <id xsi:type="II" specializationType="II.PUBLIC" displayable="true" extension="200203444" root="2.16.840.1.113883.4.41"/>
                     </asHealthCareProvider>
                  </assignedPerson>
               </assignedEntity1>
            </performer>
            <author typeCode="AUT" contextControlCode="OP">
               <time value="20090915224604.812-0700"/>
               <assignedEntity1 classCode="ASSIGNED">
                  <id xsi:type="II" specializationType="II.PUBLIC" displayable="true" extension="999222222" root="2.16.840.1.113883.19.4.207"/>
                  <code code="PHYS" codeSystem="2.16.840.1.113883.5.111"/>
                  <assignedPerson classCode="PSN" determinerCode="INSTANCE">
                     <name use="L" xsi:type="PN" specializationType="PN.BASIC">
                        <prefix>Dr.</prefix>
                        <given>Irving</given>
                        <given qualifier="IN">I</given>
                        <family>Intern</family>
                     </name>
                     <asHealthCareProvider classCode="PROV">
                        <id xsi:type="II" specializationType="II.PUBLIC" displayable="true" extension="200203999" root="2.16.840.1.113883.4.41"/>
                     </asHealthCareProvider>
                  </assignedPerson>
               </assignedEntity1>
            </author>
            <informant typeCode="INF" contextControlCode="AP">
               <assignedEntity1 classCode="ASSIGNED">
                  <id xsi:type="II" specializationType="II.PUBLIC" displayable="true" extension="444222222" root="2.16.840.1.113883.19.4.207"/>
                  <code code="PHYS" codeSystem="2.16.840.1.113883.5.111"/>
                  <assignedPerson classCode="PSN" determinerCode="INSTANCE">
                     <name use="L" xsi:type="PN" specializationType="PN.BASIC">
                        <prefix>Dr.</prefix>
                        <given>Irving</given>
                        <given qualifier="IN">I</given>
                        <family>Intern</family>
                     </name>
                     <asHealthCareProvider classCode="PROV">
                        <id xsi:type="II" specializationType="II.PUBLIC" displayable="true" extension="200203444" root="2.16.840.1.113883.4.41"/>
                     </asHealthCareProvider>
                  </assignedPerson>
               </assignedEntity1>
            </informant>
            <custodian1 typeCode="CST" contextControlCode="AP">
               <assignedDevice classCode="ASSIGNED">
                  <id use="BUS" root="2.16.840.1.113883.19.3.297.15.37"/>
                  <assignedRepository classCode="DEV" determinerCode="INSTANCE">
                     <name>Jurisdiction X HIAL</name>
                  </assignedRepository>
                  <representedRepositoryJurisdiction classCode="STATE" determinerCode="INSTANCE">
                     <name>Saskatchewan</name>
                  </representedRepositoryJurisdiction>
               </assignedDevice>
            </custodian1>
            <custodian2 typeCode="CST" contextControlCode="OP">
               <serviceDeliveryLocation classCode="SDLOC">
                  <id displayable="true" extension="7-1234500-1" root="2.16.840.1.113883.19.3.291.3"/>
                  <code code="OF" codeSystem="2.16.840.1.113883.5.111"/>
                  <addr use="PHYS">1000 Hospital Lane<delimiter/>
                     <city>Ann Arbor</city>
                     <state>MI</state>
                     <postalCode>99999</postalCode>
                  </addr>
                  <telecom use="WP" value="tel:+1-555-555-3013;postd=999"/>
                  <location classCode="PLC" determinerCode="INSTANCE">
                     <name>GHH Outpatient Clinic</name>
                  </location>
               </serviceDeliveryLocation>
            </custodian2>
            <componentOf1 typeCode="COMP" contextControlCode="ON" contextConductionInd="false">
               <workingListEvent classCode="LIST" moodCode="EVN">
                  <code code="20135006" codeSystem="2.16.840.1.113883.6.96"/>
               </workingListEvent>
            </componentOf1>
         </procedureEvent1>
      </subject>
      <subject typeCode="SUBJ" contextControlCode="AN" contextConductionInd="true">
         <commonObservationEvent1 classCode="OBS" moodCode="EVN">
            <id use="BUS" root="2.16.840.1.113883.19.3.207.15.1.16" extension="0KNV6OKLZ"/>
            <code code="241154007" codeSystem="2.16.840.1.113883.6.96"/>
            <statusCode code="completed"/>
            <effectiveTime xsi:type="IVL_TS" specializationType="IVL_TS.DATETIME">
               <low specializationType="TS.DATETIME" value="20090915224604.812-0700"/>
               <high specializationType="TS.DATETIME" value="20090915224604.812-0700"/>
            </effectiveTime>
            <confidentialityCode code="N" codeSystem="2.16.840.1.113883.5.25"/>
            <interpretationCode code="N" codeSystem="2.16.840.1.113883.5.83"/>
            <responsibleParty typeCode="RESP" contextControlCode="AP">
               <assignedEntity1 classCode="ASSIGNED">
                  <id xsi:type="II" specializationType="II.PUBLIC" displayable="true" extension="999222222" root="2.16.840.1.113883.19.4.207"/>
                  <code code="PHYS" codeSystem="2.16.840.1.113883.5.111"/>
                  <assignedPerson classCode="PSN" determinerCode="INSTANCE">
                     <name use="L" xsi:type="PN" specializationType="PN.BASIC">
                        <prefix>Dr.</prefix>
                        <given>Irving</given>
                        <given qualifier="IN">I</given>
                        <family>Intern</family>
                     </name>
                     <asHealthCareProvider classCode="PROV">
                        <id xsi:type="II" specializationType="II.PUBLIC" displayable="true" extension="200203999" root="2.16.840.1.113883.4.41"/>
                     </asHealthCareProvider>
                  </assignedPerson>
               </assignedEntity1>
            </responsibleParty>
            <author typeCode="AUT" contextControlCode="AP">
               <time value="20090915224604.812-0700"/>
               <assignedEntity1 classCode="ASSIGNED">
                  <id xsi:type="II" specializationType="II.PUBLIC" displayable="true" extension="999222222" root="2.16.840.1.113883.19.4.207"/>
                  <code code="PHYS" codeSystem="2.16.840.1.113883.5.111"/>
                  <assignedPerson classCode="PSN" determinerCode="INSTANCE">
                     <name use="L" xsi:type="PN" specializationType="PN.BASIC">
                        <prefix>Dr.</prefix>
                        <given>Irving</given>
                        <given qualifier="IN">I</given>
                        <family>Intern</family>
                     </name>
                     <asHealthCareProvider classCode="PROV">
                        <id xsi:type="II" specializationType="II.PUBLIC" displayable="true" extension="200203999" root="2.16.840.1.113883.4.41"/>
                     </asHealthCareProvider>
                  </assignedPerson>
               </assignedEntity1>
            </author>
            <informant typeCode="INF" contextControlCode="AP">
               <patient classCode="PAT">
                  <id displayable="true" root="2.16.840.1.113883.4.20" extension="444114567"/>
                  <addr use="H PST PHYS">Apt A, 111 Some Street<delimiter/>
                     <city>Saskatoon</city>
                     <delimiter>,</delimiter>
                     <state code="CA-SK" codeSystem="2.16.840.1.113883.5.28">Saskatchewan</state>
                     <delimiter/>
                     <country code="CAN" codeSystem="2.16.840.1.113883.5.28">Canada</country>
                     <postalCode>S1S 1S1</postalCode>
                  </addr>
                  <telecom use="H" specializationType="TEL.PHONE" value="tel:+1-306-955-1234"/>
                  <patientPerson classCode="PSN" determinerCode="INSTANCE">
                     <name use="L" specializationType="PN.BASIC">
                        <prefix>Ms.</prefix>
                        <given>Nancy</given>
                        <given qualifier="IN">D</given>
                        <family>Nuclear</family>
                     </name>
                     <administrativeGenderCode codeSystem="2.16.840.1.113883.5.1" code="F"/>
                     <birthTime value="19700512"/>
                  </patientPerson>
               </patient>
            </informant>
            <custodian1 typeCode="CST" contextControlCode="AP">
               <assignedDevice classCode="ASSIGNED">
                  <id use="BUS" root="2.16.840.1.113883.19.3.297.15.37"/>
                  <assignedRepository classCode="DEV" determinerCode="INSTANCE">
                     <name>Jurisdiction X HIAL</name>
                  </assignedRepository>
                  <representedRepositoryJurisdiction classCode="STATE" determinerCode="INSTANCE">
                     <name>Saskatchewan</name>
                  </representedRepositoryJurisdiction>
               </assignedDevice>
            </custodian1>
            <custodian2 typeCode="CST" contextControlCode="OP">
               <serviceDeliveryLocation classCode="SDLOC">
                  <id displayable="true" extension="7-1234500-1" root="2.16.840.1.113883.19.3.291.3"/>
                  <code code="OF" codeSystem="2.16.840.1.113883.5.111"/>
                  <addr use="PHYS">1000 Hospital Lane<delimiter/>
                     <city>Ann Arbor</city>
                     <state>MI</state>
                     <postalCode>99999</postalCode>
                  </addr>
                  <telecom use="WP" value="tel:+1-555-555-3013;postd=999"/>
                  <location classCode="PLC" determinerCode="INSTANCE">
                     <name>GHH Outpatient Clinic</name>
                  </location>
               </serviceDeliveryLocation>
            </custodian2>
            <componentOf2 typeCode="COMP" contextControlCode="ON" contextConductionInd="false">
               <workingListEvent classCode="LIST" moodCode="EVN">
                  <code code="SIGNSYMP" codeSystem="2.16.840.1.113883.2.20.5.2"/>
               </workingListEvent>
            </componentOf2>
         </commonObservationEvent1>
      </subject>
      <subject typeCode="SUBJ" contextControlCode="AN" contextConductionInd="true">
         <commonObservationEvent2 classCode="OBS" moodCode="EVN">
            <id use="BUS" root="2.16.840.1.113883.19.3.207.15.1.16" extension="3M1BEE71"/>
            <code code="314463006" codeSystem="2.16.840.1.113883.6.96"/>
            <statusCode code="completed"/>
            <effectiveTime xsi:type="IVL_TS" specializationType="IVL_TS.DATETIME">
               <low specializationType="TS.DATETIME" value="20090915224604.812-0700"/>
               <high specializationType="TS.DATETIME" value="20090915224604.812-0700"/>
            </effectiveTime>
            <confidentialityCode code="N" codeSystem="2.16.840.1.113883.5.25"/>
            <interpretationCode code="N" codeSystem="2.16.840.1.113883.5.83"/>
            <responsibleParty typeCode="RESP" contextControlCode="AP">
               <assignedEntity1 classCode="ASSIGNED">
                  <id xsi:type="II" specializationType="II.PUBLIC" displayable="true" extension="999222222" root="2.16.840.1.113883.19.4.207"/>
                  <code code="PHYS" codeSystem="2.16.840.1.113883.5.111"/>
                  <assignedPerson classCode="PSN" determinerCode="INSTANCE">
                     <name use="L" xsi:type="PN" specializationType="PN.BASIC">
                        <prefix>Dr.</prefix>
                        <given>Irving</given>
                        <given qualifier="IN">I</given>
                        <family>Intern</family>
                     </name>
                     <asHealthCareProvider classCode="PROV">
                        <id xsi:type="II" specializationType="II.PUBLIC" displayable="true" extension="200203999" root="2.16.840.1.113883.4.41"/>
                     </asHealthCareProvider>
                  </assignedPerson>
               </assignedEntity1>
            </responsibleParty>
            <author typeCode="AUT" contextControlCode="AP">
               <time value="20090915224604.812-0700"/>
               <assignedEntity1 classCode="ASSIGNED">
                  <id xsi:type="II" specializationType="II.PUBLIC" displayable="true" extension="999222222" root="2.16.840.1.113883.19.4.207"/>
                  <code code="PHYS" codeSystem="2.16.840.1.113883.5.111"/>
                  <assignedPerson classCode="PSN" determinerCode="INSTANCE">
                     <name use="L" xsi:type="PN" specializationType="PN.BASIC">
                        <prefix>Dr.</prefix>
                        <given>Irving</given>
                        <given qualifier="IN">I</given>
                        <family>Intern</family>
                     </name>
                     <asHealthCareProvider classCode="PROV">
                        <id xsi:type="II" specializationType="II.PUBLIC" displayable="true" extension="200203999" root="2.16.840.1.113883.4.41"/>
                     </asHealthCareProvider>
                  </assignedPerson>
               </assignedEntity1>
            </author>
            <custodian1 typeCode="CST" contextControlCode="AP">
               <assignedDevice classCode="ASSIGNED">
                  <id use="BUS" root="2.16.840.1.113883.19.3.297.15.37"/>
                  <assignedRepository classCode="DEV" determinerCode="INSTANCE">
                     <name>Jurisdiction X HIAL</name>
                  </assignedRepository>
                  <representedRepositoryJurisdiction classCode="STATE" determinerCode="INSTANCE">
                     <name>Saskatchewan</name>
                  </representedRepositoryJurisdiction>
               </assignedDevice>
            </custodian1>
            <custodian2 typeCode="CST" contextControlCode="OP">
               <serviceDeliveryLocation classCode="SDLOC">
                  <id displayable="true" extension="7-1234500-1" root="2.16.840.1.113883.19.3.291.3"/>
                  <code code="OF" codeSystem="2.16.840.1.113883.5.111"/>
                  <addr use="PHYS">1000 Hospital Lane<delimiter/>
                     <city>Ann Arbor</city>
                     <state>MI</state>
                     <postalCode>99999</postalCode>
                  </addr>
                  <telecom use="WP" value="tel:+1-555-555-3013;postd=999"/>
                  <location classCode="PLC" determinerCode="INSTANCE">
                     <name>GHH Outpatient Clinic</name>
                  </location>
               </serviceDeliveryLocation>
            </custodian2>
            <component typeCode="COMP" contextControlCode="ON" contextConductionInd="true">
               <subObservationEvent classCode="OBS" moodCode="EVN">
                  <code code="314464000" codeSystem="2.16.840.1.113883.6.96"/>
                  <statusCode code="completed"/>
                  <value xsi:type="PQ" specializationType="PQ.BASIC" value="130" unit="mm[Hg]"/>
               </subObservationEvent>
            </component>
            <component typeCode="COMP" contextControlCode="ON" contextConductionInd="true">
               <subObservationEvent classCode="OBS" moodCode="EVN">
                  <code code="314465004" codeSystem="2.16.840.1.113883.6.96"/>
                  <statusCode code="completed"/>
                  <value xsi:type="PQ" specializationType="PQ.BASIC" value="85" unit="mm[Hg]"/>
               </subObservationEvent>
            </component>
            <componentOf2 typeCode="COMP" contextControlCode="ON" contextConductionInd="false">
               <workingListEvent classCode="LIST" moodCode="EVN">
                  <code code="PHYSCHAR" codeSystem="2.16.840.1.113883.2.20.5.2"/>
               </workingListEvent>
            </componentOf2>
         </commonObservationEvent2>
      </subject>
      <subject typeCode="SUBJ" contextControlCode="AN" contextConductionInd="true">
         <document2 classCode="DOCCLIN" moodCode="EVN">
            <id use="BUS" root="2.16.840.1.113883.19.3.207.15.1.15" extension="E91LGPTM"/>
            <code code="18842-5" codeSystem="2.16.840.1.113883.6.1"/>
            <title>Emergency room discharge to a Continuing Care Centre</title>
            <confidentialityCode code="N" codeSystem="2.16.840.1.113883.5.25"/>
            <responsibleParty typeCode="RESP" contextControlCode="AP">
               <assignedEntity1 classCode="ASSIGNED">
                  <id xsi:type="II" specializationType="II.PUBLIC" displayable="true" extension="999222222" root="2.16.840.1.113883.19.4.207"/>
                  <code code="PHYS" codeSystem="2.16.840.1.113883.5.111"/>
                  <assignedPerson classCode="PSN" determinerCode="INSTANCE">
                     <name use="L" xsi:type="PN" specializationType="PN.BASIC">
                        <prefix>Dr.</prefix>
                        <given>Irving</given>
                        <given qualifier="IN">I</given>
                        <family>Intern</family>
                     </name>
                     <asHealthCareProvider classCode="PROV">
                        <id xsi:type="II" specializationType="II.PUBLIC" displayable="true" extension="200203999" root="2.16.840.1.113883.4.41"/>
                     </asHealthCareProvider>
                  </assignedPerson>
               </assignedEntity1>
            </responsibleParty>
            <author typeCode="AUT" contextControlCode="AP">
               <time value="20090915224604.812-0700"/>
               <signatureCode code="S" codeSystem="2.16.840.1.113883.5.89"/>
               <assignedEntity1 classCode="ASSIGNED">
                  <id xsi:type="II" specializationType="II.PUBLIC" displayable="true" extension="999222222" root="2.16.840.1.113883.19.4.207"/>
                  <code code="PHYS" codeSystem="2.16.840.1.113883.5.111"/>
                  <assignedPerson classCode="PSN" determinerCode="INSTANCE">
                     <name use="L" xsi:type="PN" specializationType="PN.BASIC">
                        <prefix>Dr.</prefix>
                        <given>Irving</given>
                        <given qualifier="IN">I</given>
                        <family>Intern</family>
                     </name>
                     <asHealthCareProvider classCode="PROV">
                        <id xsi:type="II" specializationType="II.PUBLIC" displayable="true" extension="200203999" root="2.16.840.1.113883.4.41"/>
                     </asHealthCareProvider>
                  </assignedPerson>
               </assignedEntity1>
            </author>
            <custodian1 typeCode="CST" contextControlCode="OP">
               <serviceDeliveryLocation classCode="SDLOC">
                  <id displayable="true" extension="7-1234500-1" root="2.16.840.1.113883.19.3.291.3"/>
                  <code code="OF" codeSystem="2.16.840.1.113883.5.111"/>
                  <addr use="PHYS">1000 Hospital Lane<delimiter/>
                     <city>Ann Arbor</city>
                     <state>MI</state>
                     <postalCode>99999</postalCode>
                  </addr>
                  <telecom use="WP" value="tel:+1-555-555-3013;postd=999"/>
                  <location classCode="PLC" determinerCode="INSTANCE">
                     <name>GHH Outpatient Clinic</name>
                  </location>
               </serviceDeliveryLocation>
            </custodian1>
            <custodian2 typeCode="CST" contextControlCode="AP">
               <assignedDevice classCode="ASSIGNED">
                  <id use="BUS" root="2.16.840.1.113883.19.3.297.15.37"/>
                  <assignedRepository classCode="DEV" determinerCode="INSTANCE">
                     <name>Jurisdiction X HIAL</name>
                  </assignedRepository>
                  <representedRepositoryJurisdiction classCode="STATE" determinerCode="INSTANCE">
                     <name>Saskatchewan</name>
                  </representedRepositoryJurisdiction>
               </assignedDevice>
            </custodian2>
            <component typeCode="COMP" contextControlCode="ON" contextConductionInd="true">
               <structuredBody classCode="DOCBODY" moodCode="EVN">
                  <component typeCode="COMP" contextControlCode="ON" contextConductionInd="true">
                     <section classCode="DOCSECT" moodCode="EVN">
                        <component typeCode="COMP" contextControlCode="ON" contextConductionInd="true">
                           <patientCareProvisionEvent classCode="ENC" moodCode="EVN">
                              <id use="BUS" root="1B20CF73-E70D-69AD-7D61-DB1432EAC514"/>
                              <code code="EMER" codeSystem="2.16.840.1.113883.5.4"/>
                              <statusCode code="completed"/>
                              <effectiveTime xsi:type="IVL_TS" specializationType="IVL.LOW_TS.FULLDATETIME">
                                 <low specializationType="TS.FULLDATETIME" value="20090915224604.812-0700"/>
                              </effectiveTime>
                              <dischargeDispositionCode code="306691003" codeSystem="2.16.840.1.113883.6.96"/>
                              <location typeCode="LOC" contextControlCode="OP">
                                 <serviceDeliveryLocation classCode="SDLOC">
                                    <id xsi:type="II" specializationType="II.PUBLIC" displayable="true" extension="7-1234500-1" root="2.16.840.1.113883.19.3.291.3"/>
                                    <code code="NCCF" codeSystem="2.16.840.1.113883.5.111"/>
                                    <addr use="PHYS" xsi:type="AD" specializationType="AD.BASIC">
                                       <delimiter>Hospital Lane</delimiter>
                                       <city>Ann Arbor</city>
                                       <state>MI</state>
                                       <postalCode>99999</postalCode>
                                    </addr>
                                    <telecom use="WP" xsi:type="TEL" specializationType="TEL.PHONE" value="tel:+1-555-555-3013"/>
                                    <location classCode="PLC" determinerCode="INSTANCE">
                                       <name xsi:type="ST">Seniors Luxury Group Home</name>
                                    </location>
                                 </serviceDeliveryLocation>
                              </location>
                              <outcome typeCode="OUTC" contextControlCode="ON" contextConductionInd="true">
                                 <conditionEvent classCode="COND" moodCode="EVN">
                                    <code code="103009000" codeSystem="2.16.840.1.113883.6.96"/>
                                 </conditionEvent>
                              </outcome>
                           </patientCareProvisionEvent>
                        </component>
                     </section>
                  </component>
               </structuredBody>
            </component>
         </document2>
      </subject>
      <queryAck>
         <queryId root="08150FE7-ECD7-E4FF-71CE-11314F7942C2"/>
         <queryResponseCode code="NF"/>
         <resultTotalQuantity value="0"/>
         <resultCurrentQuantity value="0"/>
         <resultRemainingQuantity value="0"/>
      </queryAck>
      <queryByParameter>
         <queryId root="08150FE7-ECD7-E4FF-71CE-11314F7942C2"/>
         <parameterList>
            <mostRecentByTypeIndicator>
               <value value="true"/>
            </mostRecentByTypeIndicator>
            <recordStatus>
               <value code="active"/>
            </recordStatus>
         </parameterList>
      </queryByParameter>
   </controlActEvent>
</COMT_IN200000CA>