<?xml version="1.0" encoding="UTF-8"?><REPC_IN000089CA xmlns="urn:hl7-org:v3" xmlns:xsi="http://www.w3.org/2001/XMLSchema-instance" ITSVersion="XML_1.0" xsi:schemaLocation="urn:hl7-org:v3 ../Schemas/REPC_IN000089CA.xsd">
   <realmCode code="CA"/>
   <id root="999A06B4-686D-7330-2556-D88ACCCC7B99"/>
   <creationTime value="20090915225057.968-0700"/>
   <responseModeCode code="I"/>
   <versionCode code="V3-2008N"/>
   <interactionId root="2.16.840.1.113883.1.18" extension="REPC_IN000089CA" displayable="true"/>
   <profileId use="BUS" root="2.16.840.1.113883.2.20.2" extension="R02.04.02"/>
   <processingCode code="D"/>
   <processingModeCode code="T"/>
   <acceptAckCode code="NE"/>
   <receiver typeCode="RCV">
      <telecom value="http://120.120.120.120"/>
      <device classCode="DEV" determinerCode="INSTANCE">
         <id use="BUS" root="2.16.840.1.113883.19.3.207.15.1.0.3" extension="DIS01"/>
         <name>Good Health Clinic</name>
      </device>
   </receiver>
   <sender typeCode="SND">
      <telecom value="http://100.100.100.100"/>
      <device classCode="DEV" determinerCode="INSTANCE">
         <id use="BUS" root="2.16.840.1.113883.19.3.297.15.37.0.47" extension="DIS01"/>
         <name>Jurisdiction X HIAL</name>
      </device>
   </sender>
   <acknowledgement>
      <typeCode code="AA"/>
      <targetMessage>
         <id root="A0001BBC-1E81-CE66-EFCD-94787A03ABC7"/>
      </targetMessage>
   </acknowledgement>
   <controlActEvent moodCode="EVN" classCode="CACT">
      <id use="BUS" root="2.16.840.1.113883.19.3.297.15.37.1" extension="34800802046"/>
      <code codeSystem="2.16.840.1.113883.1.18" code="REPC_TE000089CA"/>
      <statusCode code="completed"/>
      <effectiveTime xsi:type="IVL_TS">
         <low value="20090915225056.968-0700"/>
      </effectiveTime>
      <languageCode code="en" codeSystem="2.16.840.1.113883.6.121"/>
      <recordTarget typeCode="RCT" contextControlCode="AP">
         <patient1 classCode="PAT">
            <id displayable="true" root="2.16.840.1.113883.4.20" extension="666112999"/>
            <patientPerson classCode="PSN" determinerCode="INSTANCE">
               <name use="L" specializationType="PN.BASIC">
                  <family>Nuclear</family>
                  <given>John</given>
                  <prefix>Mr.</prefix>
                  <suffix>II</suffix>
               </name>
               <administrativeGenderCode codeSystem="2.16.840.1.113883.5.1" code="M"/>
               <birthTime value="19480712"/>
            </patientPerson>
         </patient1>
      </recordTarget>
      <subject typeCode="SUBJ" contextControlCode="AN" contextConductionInd="true">
         <document classCode="DOCCLIN" moodCode="EVN">
            <id root="068A3812-0922-43B7-9E95-58B4DB02A4F5" use="BUS"/>
            <code code="28570-0" codeSystem="2.16.840.1.113883.6.1"/>
            <title>Specialists report on prostate biopsy</title>
            <confidentialityCode code="N" codeSystem="2.16.840.1.113883.5.25"/>
            <responsibleParty contextControlCode="AP" typeCode="RESP">
               <assignedEntity1 classCode="ASSIGNED">
                  <id xsi:type="II" specializationType="II.PUBLIC" displayable="true" extension="444222222" root="2.16.840.1.113883.19.4.207"/>
                  <code code="PHYS" codeSystem="2.16.840.1.113883.5.111"/>
                  <assignedPerson classCode="PSN" determinerCode="INSTANCE">
                     <name use="L" xsi:type="PN" specializationType="PN.BASIC">
                        <prefix>Dr.</prefix>
                        <given>Irving</given>
                        <given qualifier="IN">I</given>
                        <family>Intern</family>
                     </name>
                     <asHealthCareProvider classCode="PROV">
                        <id xsi:type="II" specializationType="II.PUBLIC" displayable="true" extension="200203444" root="2.16.840.1.113883.4.41"/>
                     </asHealthCareProvider>
                  </assignedPerson>
               </assignedEntity1>
            </responsibleParty>
            <author contextControlCode="AP" typeCode="AUT">
               <time value="20090108221046-0700"/>
               <signatureCode code="S" codeSystem="2.16.840.1.113883.5.89"/>
               <assignedEntity1 classCode="ASSIGNED">
                  <id xsi:type="II" specializationType="II.PUBLIC" displayable="true" extension="444222222" root="2.16.840.1.113883.19.4.207"/>
                  <code code="PHYS" codeSystem="2.16.840.1.113883.5.111"/>
                  <assignedPerson classCode="PSN" determinerCode="INSTANCE">
                     <name use="L" xsi:type="PN" specializationType="PN.BASIC">
                        <prefix>Dr.</prefix>
                        <given>Irving</given>
                        <given qualifier="IN">I</given>
                        <family>Intern</family>
                     </name>
                     <asHealthCareProvider classCode="PROV">
                        <id xsi:type="II" specializationType="II.PUBLIC" displayable="true" extension="200203444" root="2.16.840.1.113883.4.41"/>
                     </asHealthCareProvider>
                  </assignedPerson>
               </assignedEntity1>
            </author>
            <informant contextControlCode="AP" typeCode="INF">
               <assignedEntity1 classCode="ASSIGNED">
                  <id xsi:type="II" specializationType="II.PUBLIC" displayable="true" extension="999222222" root="2.16.840.1.113883.19.4.207"/>
                  <code code="PHYS" codeSystem="2.16.840.1.113883.5.111"/>
                  <assignedPerson classCode="PSN" determinerCode="INSTANCE">
                     <name use="L" xsi:type="PN" specializationType="PN.BASIC">
                        <prefix>Dr.</prefix>
                        <given>Irving</given>
                        <given qualifier="IN">I</given>
                        <family>Intern</family>
                     </name>
                     <asHealthCareProvider classCode="PROV">
                        <id xsi:type="II" specializationType="II.PUBLIC" displayable="true" extension="200203999" root="2.16.840.1.113883.4.41"/>
                     </asHealthCareProvider>
                  </assignedPerson>
               </assignedEntity1>
            </informant>
            <custodian1 contextControlCode="OP" typeCode="CST">
               <serviceDeliveryLocation classCode="SDLOC">
                  <id displayable="true" extension="7-865733-2" root="2.16.840.1.113883.19.3.291.3"/>
                  <code code="OF" codeSystem="2.16.840.1.113883.5.111"/>
                  <addr use="PHYS">1001 Village Avenue<delimiter/>
                     <city>Ann Arbor</city>
                     <state>MI</state>
                     <postalCode>99999</postalCode>
                  </addr>
                  <telecom use="WP" value="tel:+1-555-555-4001"/>
                  <location classCode="PLC" determinerCode="INSTANCE">
                     <name>Community Urgent Care</name>
                  </location>
               </serviceDeliveryLocation>
            </custodian1>
            <custodian2 contextControlCode="AP" typeCode="CST">
               <assignedDevice classCode="ASSIGNED">
                  <id use="BUS" root="2.16.840.1.113883.19.3.297.15.37"/>
                  <assignedRepository classCode="DEV" determinerCode="INSTANCE">
                     <name>Jurisdiction X HIAL</name>
                  </assignedRepository>
                  <representedRepositoryJurisdiction classCode="STATE" determinerCode="INSTANCE">
                     <name>Saskatchewan</name>
                  </representedRepositoryJurisdiction>
               </assignedDevice>
            </custodian2>
            <component contextConductionInd="true" contextControlCode="ON" typeCode="COMP">
               <structuredBody classCode="DOCBODY" moodCode="EVN">
                  <component contextConductionInd="true" contextControlCode="ON" typeCode="COMP">
                     <section classCode="DOCSECT" moodCode="EVN">
                        <component contextConductionInd="true" contextControlCode="ON" typeCode="COMP">
                           <observation classCode="OBS" moodCode="EVN">
                              <code code="34122-2" codeSystem="2.16.840.1.113883.6.1"/>
                              <statusCode code="completed"/>
                              <effectiveTime>
                                 <low value="20090108"/>
                                 <high value="20090108"/>
                              </effectiveTime>
                              <location contextControlCode="OP" typeCode="LOC">
                                 <serviceDeliveryLocation classCode="SDLOC">
                                    <id xsi:type="II" specializationType="II.PUBLIC" displayable="true" extension="7-1234500-1" root="2.16.840.1.113883.19.3.291.3"/>
                                    <code code="HOSP" codeSystem="2.16.840.1.113883.5.111"/>
                                    <addr use="PHYS" xsi:type="AD" specializationType="AD.BASIC">
                                       <delimiter>Hospital Lane</delimiter>
                                       <city>Ann Arbor</city>
                                       <state>MI</state>
                                       <postalCode>99999</postalCode>
                                    </addr>
                                    <telecom xsi:type="TEL" specializationType="TEL.PHONE" use="WP" value="tel:+1-555-555-3013"/>
                                    <location classCode="PLC" determinerCode="INSTANCE">
                                       <name xsi:type="ST">New World Teaching hospital</name>
                                    </location>
                                 </serviceDeliveryLocation>
                              </location>
                              <inFulfillmentOf contextConductionInd="true" contextControlCode="ON" typeCode="FLFS">
                                 <observationRequest classCode="OBS" moodCode="RQO">
                                    <id root="8D51C3A4-4AB5-42FA-9E58-7E7D6D3A15B8" use="BUS"/>
                                    <author contextControlCode="OP" typeCode="AUT">
                                       <assignedEntity1 classCode="ASSIGNED">
                                          <id xsi:type="II" specializationType="II.PUBLIC" displayable="true" extension="444222222" root="2.16.840.1.113883.19.4.207"/>
                                          <code code="PHYS" codeSystem="2.16.840.1.113883.5.111"/>
                                          <assignedPerson classCode="PSN" determinerCode="INSTANCE">
                                             <name use="L" xsi:type="PN" specializationType="PN.BASIC">
                                                <prefix>Dr.</prefix>
                                                <given>Irving</given>
                                                <given qualifier="IN">I</given>
                                                <family>Intern</family>
                                             </name>
                                             <asHealthCareProvider classCode="PROV">
                                                <id xsi:type="II" specializationType="II.PUBLIC" displayable="true" extension="200203444" root="2.16.840.1.113883.4.41"/>
                                             </asHealthCareProvider>
                                          </assignedPerson>
                                       </assignedEntity1>
                                    </author>
                                 </observationRequest>
                              </inFulfillmentOf>
                              <reason contextConductionInd="true" contextControlCode="AN" typeCode="RSON">
                                 <observationProblem moodCode="EVN" classCode="OBS">
                                    <code code="ASSERTION" codeSystem="2.16.840.1.113883.5.4"/>
                                    <statusCode code="completed"/>
                                    <value xsi:type="CV" code="76948002" codeSystem="2.16.840.1.113883.6.96">
                                       <originalText>severe pain</originalText>
                                    </value>
                                 </observationProblem>
                              </reason>
                              <subject contextConductionInd="true" typeCode="SUBJ">
                                 <actEvent classCode="ACT" moodCode="EVN">
                                    <id root="77007F53-4C20-4B2D-BD59-15EEF6A4A7A2" use="BUS"/>
                                 </actEvent>
                              </subject>
                           </observation>
                        </component>
                     </section>
                  </component>
               </structuredBody>
            </component>
            <subjectOf1 contextConductionInd="false" contextControlCode="AN" typeCode="SUBJ">
               <annotation classCode="ACT" moodCode="EVN">
                  <text xsi:type="ST" specializationType="ST.LANG" language="en">Frequent urination, especially in the night, coupled with back pains.</text>
                  <statusCode code="completed"/>
                  <author typeCode="AUT">
                     <time xsi:type="TS" specializationType="TS.FULLDATETIME" value="20110822225056.968-0700"/>
                     <assignedEntity1 classCode="ASSIGNED">
                        <id xsi:type="II" specializationType="II.PUBLIC" displayable="true" extension="222339999" root="2.16.840.1.113883.19.4.207"/>
                        <assignedPerson classCode="PSN" determinerCode="INSTANCE">
                           <name use="L" xsi:type="PN" specializationType="PN.BASIC">
                              <prefix>Dr.</prefix>
                              <given>Fay</given>
                              <given qualifier="IN">F</given>
                              <family>Family</family>
                           </name>
                           <asHealthCareProvider classCode="PROV">
                              <id xsi:type="II" specializationType="II.PUBLIC" displayable="true" extension="200202888" root="2.16.840.1.113883.4.41"/>
                           </asHealthCareProvider>
                        </assignedPerson>
                     </assignedEntity1>
                  </author>
               </annotation>
            </subjectOf1>
            <componentOf contextConductionInd="false" contextControlCode="AN" typeCode="COMP">
               <patientCareProvisionEvent moodCode="EVN" classCode="PCPR">
                  <id xsi:type="II" use="BUS" specializationType="II.BUS" root="1.3317.2.70331.761.33313.4.47378.644" extension="Y5HWI6PN8D"/>
                  <code codeSystem="2.16.840.1.113883.5.4" code="AMB"/>
                  <effectiveTime xsi:type="IVL_TS" specializationType="IVL_TS.DATETIME">
                     <high value="20090916"/>
                  </effectiveTime>
                  <admitter typeCode="ADM">
                     <assignedEntity1 classCode="ASSIGNED">
                        <id xsi:type="II" specializationType="II.PUBLIC" extension="8767876" displayable="true" root="2.16.840.1.113883.19.4.207"/>
                        <assignedPerson determinerCode="INSTANCE" classCode="PSN">
                           <name use="L" xsi:type="PN" specializationType="PN.BASIC">
                              <prefix>Dr.</prefix>
                              <given>Peter</given>
                              <given qualifier="IN">P</given>
                              <family>Physician</family>
                           </name>
                           <asHealthCareProvider classCode="PROV">
                              <id xsi:type="II" specializationType="II.PUBLIC" extension="3005099" displayable="true" root="2.16.840.1.113883.4.41"/>
                           </asHealthCareProvider>
                        </assignedPerson>
                     </assignedEntity1>
                  </admitter>
                  <attender typeCode="ATND">
                     <assignedEntity1 classCode="ASSIGNED">
                        <id xsi:type="II" specializationType="II.PUBLIC" extension="8767876" displayable="true" root="2.16.840.1.113883.19.4.207"/>
                        <assignedPerson determinerCode="INSTANCE" classCode="PSN">
                           <name use="L" xsi:type="PN" specializationType="PN.BASIC">
                              <prefix>Dr.</prefix>
                              <given>Peter</given>
                              <given qualifier="IN">P</given>
                              <family>Physician</family>
                           </name>
                           <asHealthCareProvider classCode="PROV">
                              <id xsi:type="II" specializationType="II.PUBLIC" extension="3005099" displayable="true" root="2.16.840.1.113883.4.41"/>
                           </asHealthCareProvider>
                        </assignedPerson>
                     </assignedEntity1>
                  </attender>
                  <location typeCode="LOC">
                     <serviceDeliveryLocation classCode="SDLOC">
                        <code codeSystem="2.16.840.1.113883.5.111" code="DX"/>
                     </serviceDeliveryLocation>
                  </location>
               </patientCareProvisionEvent>
            </componentOf>
         </document>
      </subject>
      <queryAck>
         <queryId root="6A1A80EF-8F49-4E2A-308B-F447A8677DF9"/>
         <queryResponseCode code="NF"/>
         <resultTotalQuantity value="0"/>
         <resultCurrentQuantity value="0"/>
         <resultRemainingQuantity value="0"/>
      </queryAck>
      <queryByParameter>
         <queryId root="6A1A80EF-8F49-4E2A-308B-F447A8677DF9"/>
         <parameterList>
            <eventCategory>
               <value code="28570-0" codeSystem="2.16.840.1.113883.6.1"/>
            </eventCategory>
            <eventLocationType>
               <value code="281PC2000N" codeSystem="2.16.840.1.113883.5.111"/>
            </eventLocationType>
            <mostRecentByTypeIndicator>
               <value value="false"/>
            </mostRecentByTypeIndicator>
            <responsibleProviderType>
               <value code="MD" codeSystem="2.16.840.1.113883.2.20.5.3"/>
            </responsibleProviderType>
         </parameterList>
      </queryByParameter>
   </controlActEvent>
</REPC_IN000089CA>