<?xml version="1.0" encoding="UTF-8"?><REPC_IN000087CA xmlns="urn:hl7-org:v3" xmlns:xsi="http://www.w3.org/2001/XMLSchema-instance" ITSVersion="XML_1.0" xsi:schemaLocation="urn:hl7-org:v3 ../Schemas/REPC_IN000087CA.xsd">
   <realmCode code="CA"/>
   <id root="DBB2EAEE-13F4-CD4E-007E-91E5B647ABD6"/>
   <creationTime value="20090915225111.312-0700"/>
   <responseModeCode code="I"/>
   <versionCode code="V3-2008N"/>
   <interactionId root="2.16.840.1.113883.1.18" extension="REPC_IN000087CA" displayable="true"/>
   <profileId use="BUS" root="2.16.840.1.113883.2.20.2" extension="R02.04.02"/>
   <processingCode code="D"/>
   <processingModeCode code="T"/>
   <acceptAckCode code="NE"/>
   <receiver typeCode="RCV">
      <telecom value="http://120.120.120.120"/>
      <device classCode="DEV" determinerCode="INSTANCE">
         <id use="BUS" root="2.16.840.1.113883.19.3.207.15.1.0.3" extension="DIS01"/>
         <name>Good Health Clinic</name>
      </device>
   </receiver>
   <sender typeCode="SND">
      <telecom value="http://100.100.100.100"/>
      <device classCode="DEV" determinerCode="INSTANCE">
         <id use="BUS" root="2.16.840.1.113883.19.3.297.15.37.0.47" extension="DIS01"/>
         <name>Jurisdiction X HIAL</name>
      </device>
   </sender>
   <acknowledgement>
      <typeCode code="AA"/>
      <targetMessage>
         <id root="ED2C04C0-32D7-AC21-4B0B-B995A999B24D"/>
      </targetMessage>
   </acknowledgement>
   <controlActEvent moodCode="EVN" classCode="CACT">
      <id use="BUS" root="2.16.840.1.113883.19.3.297.15.37.1" extension="76180521995"/>
      <code codeSystem="2.16.840.1.113883.1.18" code="REPC_TE000087CA"/>
      <statusCode code="completed"/>
      <effectiveTime xsi:type="IVL_TS">
         <low value="20090915225110.312-0700"/>
      </effectiveTime>
      <languageCode code="en" codeSystem="2.16.840.1.113883.6.121"/>
      <recordTarget typeCode="RCT" contextControlCode="AP">
         <patient1 classCode="PAT">
            <id displayable="true" root="2.16.840.1.113883.4.20" extension="666112999"/>
            <patientPerson classCode="PSN" determinerCode="INSTANCE">
               <name use="L" specializationType="PN.BASIC">
                  <family>Nuclear</family>
                  <given>John</given>
                  <prefix>Mr.</prefix>
                  <suffix>II</suffix>
               </name>
               <administrativeGenderCode codeSystem="2.16.840.1.113883.5.1" code="M"/>
               <birthTime value="19480712"/>
            </patientPerson>
         </patient1>
      </recordTarget>
      <subject typeCode="SUBJ" contextControlCode="AN" contextConductionInd="true">
         <document classCode="DOCCLIN" moodCode="EVN">
            <id root="1DAB10FC-7C1B-4D42-AA3E-B1BFEA1313AF" use="BUS"/>
            <code code="18842-5" codeSystem="2.16.840.1.113883.6.1"/>
            <title>Emergency room discharge to a Continuing Care Center</title>
            <confidentialityCode code="N" codeSystem="2.16.840.1.113883.5.25"/>
            <responsibleParty contextControlCode="AP" typeCode="RESP">
               <assignedEntity1 classCode="ASSIGNED">
                  <id xsi:type="II" specializationType="II.PUBLIC" displayable="true" extension="999222222" root="2.16.840.1.113883.19.4.207"/>
                  <code code="PHYS" codeSystem="2.16.840.1.113883.5.111"/>
                  <assignedPerson classCode="PSN" determinerCode="INSTANCE">
                     <name use="L" xsi:type="PN" specializationType="PN.BASIC">
                        <prefix>Dr.</prefix>
                        <given>Irving</given>
                        <given qualifier="IN">I</given>
                        <family>Intern</family>
                     </name>
                     <asHealthCareProvider classCode="PROV">
                        <id xsi:type="II" specializationType="II.PUBLIC" displayable="true" extension="200203999" root="2.16.840.1.113883.4.41"/>
                     </asHealthCareProvider>
                  </assignedPerson>
               </assignedEntity1>
            </responsibleParty>
            <author contextControlCode="AP" typeCode="AUT">
               <time value="20090108221052-0700"/>
               <signatureCode code="S" codeSystem="2.16.840.1.113883.5.89"/>
               <assignedEntity1 classCode="ASSIGNED">
                  <id xsi:type="II" specializationType="II.PUBLIC" displayable="true" extension="999222222" root="2.16.840.1.113883.19.4.207"/>
                  <code code="PHYS" codeSystem="2.16.840.1.113883.5.111"/>
                  <assignedPerson classCode="PSN" determinerCode="INSTANCE">
                     <name use="L" xsi:type="PN" specializationType="PN.BASIC">
                        <prefix>Dr.</prefix>
                        <given>Irving</given>
                        <given qualifier="IN">I</given>
                        <family>Intern</family>
                     </name>
                     <asHealthCareProvider classCode="PROV">
                        <id xsi:type="II" specializationType="II.PUBLIC" displayable="true" extension="200203999" root="2.16.840.1.113883.4.41"/>
                     </asHealthCareProvider>
                  </assignedPerson>
               </assignedEntity1>
            </author>
            <custodian1 contextControlCode="OP" typeCode="CST">
               <serviceDeliveryLocation classCode="SDLOC">
                  <id displayable="true" extension="7-865733-2" root="2.16.840.1.113883.19.3.291.3"/>
                  <code code="OF" codeSystem="2.16.840.1.113883.5.111"/>
                  <addr use="PHYS">1001 Village Avenue<delimiter/>
                     <city>Ann Arbor</city>
                     <state>MI</state>
                     <postalCode>99999</postalCode>
                  </addr>
                  <telecom use="WP" value="tel:+1-555-555-4001"/>
                  <location classCode="PLC" determinerCode="INSTANCE">
                     <name>Community Urgent Care</name>
                  </location>
               </serviceDeliveryLocation>
            </custodian1>
            <custodian2 contextControlCode="AP" typeCode="CST">
               <assignedDevice classCode="ASSIGNED">
                  <id use="BUS" root="2.16.840.1.113883.19.3.297.15.37"/>
                  <assignedRepository classCode="DEV" determinerCode="INSTANCE">
                     <name>Jurisdiction X HIAL</name>
                  </assignedRepository>
                  <representedRepositoryJurisdiction classCode="STATE" determinerCode="INSTANCE">
                     <name>Saskatchewan</name>
                  </representedRepositoryJurisdiction>
               </assignedDevice>
            </custodian2>
            <primaryInformationRecipient contextControlCode="ON" typeCode="PRCP">
               <assignedEntity1 classCode="ASSIGNED">
                  <id xsi:type="II" specializationType="II.PUBLIC" displayable="true" extension="444222222" root="2.16.840.1.113883.19.4.207"/>
                  <code code="PHYS" codeSystem="2.16.840.1.113883.5.111"/>
                  <assignedPerson classCode="PSN" determinerCode="INSTANCE">
                     <name use="L" xsi:type="PN" specializationType="PN.BASIC">
                        <prefix>Dr.</prefix>
                        <given>Irving</given>
                        <given qualifier="IN">I</given>
                        <family>Intern</family>
                     </name>
                     <asHealthCareProvider classCode="PROV">
                        <id xsi:type="II" specializationType="II.PUBLIC" displayable="true" extension="200203444" root="2.16.840.1.113883.4.41"/>
                     </asHealthCareProvider>
                  </assignedPerson>
               </assignedEntity1>
            </primaryInformationRecipient>
            <component contextConductionInd="true" contextControlCode="ON" typeCode="COMP">
               <structuredBody classCode="DOCBODY" moodCode="EVN">
                  <component contextConductionInd="true" contextControlCode="ON" typeCode="COMP">
                     <section classCode="DOCSECT" moodCode="EVN">
                        <component contextConductionInd="true" contextControlCode="ON" typeCode="COMP">
                           <patientCareProvisionEvent classCode="ENC" moodCode="EVN">
                              <id root="AB1CA903-69BB-4A7C-9FED-FC996B89CDEF" use="BUS"/>
                              <code code="EMER" codeSystem="2.16.840.1.113883.5.4"/>
                              <statusCode code="active"/>
                              <effectiveTime xsi:type="IVL_TS" specializationType="IVL_TS.FULLDATETIME">
                                 <low specializationType="TS.FULLDATETIME" value="20090915225110.312-0700"/>
                                 <high specializationType="TS.FULLDATETIME" value="20090915225110.312-0700"/>
                              </effectiveTime>
                              <dischargeDispositionCode code="306691003" codeSystem="2.16.840.1.113883.6.96"/>
                              <location typeCode="LOC" contextControlCode="OP">
                                 <serviceDeliveryLocation classCode="SDLOC">
                                    <id xsi:type="II" specializationType="II.PUBLIC" displayable="true" extension="7-1234500-1" root="2.16.840.1.113883.19.3.291.3"/>
                                    <code code="NCCF" codeSystem="2.16.840.1.113883.5.111"/>
                                    <addr use="PHYS" xsi:type="AD" specializationType="AD.BASIC">
                                       <delimiter>Hospital Lane</delimiter>
                                       <city>Ann Arbor</city>
                                       <state>MI</state>
                                       <postalCode>99999</postalCode>
                                    </addr>
                                    <telecom use="WP" xsi:type="TEL" specializationType="TEL.PHONE" value="tel:+1-555-555-3013"/>
                                    <location classCode="PLC" determinerCode="INSTANCE">
                                       <name xsi:type="ST">Seniors Luxury Group Home</name>
                                    </location>
                                 </serviceDeliveryLocation>
                              </location>
                              <outcome contextConductionInd="true" contextControlCode="ON" typeCode="OUTC">
                                 <conditionEvent classCode="COND" moodCode="EVN">
                                    <code code="ASSERTION" codeSystem="2.16.840.1.113883.5.4"/>
                                    <value code="103009000" codeSystem="2.16.840.1.113883.6.96"/>
                                 </conditionEvent>
                              </outcome>
                              <inFulfillmentOf contextConductionInd="true" contextControlCode="ON" typeCode="FLFS">
                                 <actRequest classCode="ENC" moodCode="RQO">
                                    <id root="71ADFA0B-CD1E-4150-B497-96BA1D2BEF00" use="BUS"/>
                                    <author contextControlCode="OP" typeCode="AUT">
                                       <assignedEntity1 classCode="ASSIGNED">
                                          <id xsi:type="II" specializationType="II.PUBLIC" displayable="true" extension="111222222" root="2.16.840.1.113883.19.4.207"/>
                                          <code code="PHYS" codeSystem="2.16.840.1.113883.5.111"/>
                                          <assignedPerson classCode="PSN" determinerCode="INSTANCE">
                                             <name use="L" xsi:type="PN" specializationType="PN.BASIC">
                                                <prefix>Dr.</prefix>
                                                <given>Irving</given>
                                                <given qualifier="IN">I</given>
                                                <family>Intern</family>
                                             </name>
                                             <asHealthCareProvider classCode="PROV">
                                                <id xsi:type="II" specializationType="II.PUBLIC" displayable="true" extension="200203111" root="2.16.840.1.113883.4.41"/>
                                             </asHealthCareProvider>
                                          </assignedPerson>
                                       </assignedEntity1>
                                    </author>
                                 </actRequest>
                              </inFulfillmentOf>
                           </patientCareProvisionEvent>
                        </component>
                     </section>
                  </component>
               </structuredBody>
            </component>
         </document>
      </subject>
      <queryAck>
         <queryId root="C4A1CFF6-677C-DB29-3CF6-4B0909DA7A17"/>
         <queryResponseCode code="NF"/>
         <resultTotalQuantity value="0"/>
         <resultCurrentQuantity value="0"/>
         <resultRemainingQuantity value="0"/>
      </queryAck>
      <queryByParameter>
         <queryId root="C4A1CFF6-677C-DB29-3CF6-4B0909DA7A17"/>
         <parameterList>
            <mostRecentByTypeIndicator>
               <value value="false"/>
            </mostRecentByTypeIndicator>
            <recordType>
               <value code="EMER" codeSystem="2.16.840.1.113883.5.4"/>
            </recordType>
            <responsibleProviderType>
               <value code="MD" codeSystem="2.16.840.1.113883.2.20.5.3"/>
            </responsibleProviderType>
         </parameterList>
      </queryByParameter>
   </controlActEvent>
</REPC_IN000087CA>