<?xml version="1.0" encoding="UTF-8"?><COMT_IN700001CA xmlns="urn:hl7-org:v3" xmlns:xsi="http://www.w3.org/2001/XMLSchema-instance" ITSVersion="XML_1.0" xsi:schemaLocation="urn:hl7-org:v3 ../Schemas/COMT_IN700001CA.xsd"><!--
    - Note: This is an example instance.  In a real instance the following differences would apply
    -     1. There would be no schema declaration.  (Receivers will validate against their own schemas)
    -     2. Example OIDs would be replaced by real OIDs
    -     3. Processing mode would be Production, not Debug
    -     4. Data would be real values :>
  --><realmCode code="CA"/>
   <id root="CDCC7EE7-A977-1A17-9594-C761B26D91E0"/>
   <creationTime value="20090913213847.234-0700"/>
   <responseModeCode code="I"/>
   <versionCode code="V3-2008N"/>
   <interactionId root="2.16.840.1.113883.1.18" extension="COMT_IN700001CA" displayable="true"/>
   <profileId use="BUS" root="2.16.840.1.113883.2.20.2" extension="R02.04.02"/>
   <processingCode code="D"/>
   <processingModeCode code="T"/>
   <acceptAckCode code="NE"/>
   <receiver typeCode="RCV">
      <telecom value="http://100.100.100.100"/>
      <device classCode="DEV" determinerCode="INSTANCE">
         <id use="BUS" root="2.16.840.1.113883.19.3.297.15.37.0.47" extension="DIS01"/>
         <name>Jurisdiction X HIAL</name>
      </device>
   </receiver>
   <sender typeCode="SND">
      <telecom value="http://120.120.122.100"/>
      <device classCode="DEV" determinerCode="INSTANCE">
         <id use="BUS" root="2.16.840.1.113883.19.3.3017.22.5.0.4" extension="DIS02"/>
         <name>Good Neighbor Pharmacy</name>
      </device>
   </sender>
   <controlActEvent moodCode="EVN" classCode="CACT">
      <id use="BUS" root="2.16.840.1.113883.19.3.3017.22.5.1" extension="35600463"/>
      <code codeSystem="2.16.840.1.113883.1.18" code="COMT_TE700001CA"/>
      <statusCode code="completed"/>
      <effectiveTime xsi:type="IVL_TS">
         <low value="20090913213847.234-0700"/>
      </effectiveTime>
      <languageCode code="en" codeSystem="2.16.840.1.113883.6.121"/>
      <recordTarget typeCode="RCT" contextControlCode="AP">
         <patient1 classCode="PAT">
            <id displayable="true" root="2.16.840.1.113883.4.20" extension="666112999"/>
            <patientPerson classCode="PSN" determinerCode="INSTANCE">
               <name use="L" specializationType="PN.BASIC">
                  <family>Nuclear</family>
                  <given>John</given>
                  <prefix>Mr.</prefix>
                  <suffix>II</suffix>
               </name>
               <administrativeGenderCode codeSystem="2.16.840.1.113883.5.1" code="M"/>
               <birthTime value="19480712"/>
            </patientPerson>
         </patient1>
      </recordTarget>
      <author typeCode="AUT" contextControlCode="AP">
         <time value="20090913213847.234-0700"/>
         <assignedEntity1 classCode="ASSIGNED">
            <id xsi:type="II" specializationType="II.PUBLIC" displayable="true" extension="222339999" root="2.16.840.1.113883.19.4.207"/>
            <assignedPerson classCode="PSN" determinerCode="INSTANCE">
               <name use="L" xsi:type="PN" specializationType="PN.BASIC">
                  <prefix>Dr.</prefix>
                  <given>Fay</given>
                  <given qualifier="IN">F</given>
                  <family>Family</family>
               </name>
               <asHealthCareProvider classCode="PROV">
                  <id xsi:type="II" specializationType="II.PUBLIC" displayable="true" extension="200202888" root="2.16.840.1.113883.4.41"/>
               </asHealthCareProvider>
            </assignedPerson>
         </assignedEntity1>
      </author>
      <location typeCode="LOC" contextControlCode="AP">
         <serviceDeliveryLocation classCode="SDLOC">
            <id xsi:type="II" specializationType="II.PUBLIC" extension="8-66733-1" displayable="true" root="2.16.840.1.113883.19.3.291.3"/>
            <location classCode="PLC" determinerCode="INSTANCE">
               <name>Good Health Clinic</name>
            </location>
         </serviceDeliveryLocation>
      </location>
      <subject typeCode="SUBJ" contextControlCode="AN" contextConductionInd="true">
         <detectedIssueEvent classCode="ALRT" moodCode="EVN">
            <code code="DRG" codeSystem="2.16.840.1.113883.5.4"/>
            <text>Risk of internal bleeding</text>
            <statusCode code="completed"/>
            <priorityCode code="E" codeSystem="2.16.840.1.113883.5.1082"/>
            <subject typeCode="SUBJ" contextControlCode="ON" contextConductionInd="false">
               <substanceAdministration classCode="SBADM" moodCode="RQO">
                  <id nullFlavor="NA"/>
                  <code code="DRUG" codeSystem="2.16.840.1.113883.5.4"/>
                  <statusCode code="active"/>
                  <effectiveTime>
                     <low value="20090913"/>
                  </effectiveTime>
                  <consumable typeCode="CSM">
                     <medication classCode="ADMM">
                        <administerableMedicine classCode="MMAT" determinerCode="KIND">
                           <code code="B01AA03" codeSystem="2.16.840.1.113883.6.73"/>
                           <name>WARFARIN</name>
                           <formCode code="TAB" codeSystem="2.16.840.1.113883.5.85"/>
                           <ingredient classCode="INGR" negationInd="false">
                              <quantity value="1" unit="mg"/>
                              <ingredient classCode="MMAT" determinerCode="KIND">
                                 <code code="9054" codeSystem="2.16.840.1.113883.5.1103"/>
                              </ingredient>
                           </ingredient>
                        </administerableMedicine>
                     </medication>
                  </consumable>
               </substanceAdministration>
            </subject>
            <subject typeCode="SUBJ" contextControlCode="ON" contextConductionInd="false">
               <substanceAdministration classCode="SBADM" moodCode="EVN">
                  <id use="BUS" root="2.16.840.1.113883.19.3.3017.22.5.3" extension="UKSKI39G8PM9"/>
                  <code code="DRUG" codeSystem="2.16.840.1.113883.5.4"/>
                  <statusCode code="active"/>
                  <effectiveTime>
                     <low value="20090913"/>
                  </effectiveTime>
                  <consumable typeCode="CSM">
                     <medication classCode="ADMM">
                        <administerableMedicine classCode="MMAT" determinerCode="KIND">
                           <code code="N02BE01" codeSystem="2.16.840.1.113883.6.73"/>
                           <name>ACETAMINOPHEN</name>
                           <formCode code="TAB" codeSystem="2.16.840.1.113883.5.85"/>
                           <ingredient classCode="INGR" negationInd="false">
                              <quantity value="500" unit="mg"/>
                              <ingredient classCode="MMAT" determinerCode="KIND">
                                 <code code="270" codeSystem="2.16.840.1.113883.5.1103"/>
                              </ingredient>
                           </ingredient>
                        </administerableMedicine>
                     </medication>
                  </consumable>
               </substanceAdministration>
            </subject>
            <instantiation typeCode="INST" contextControlCode="ON" contextConductionInd="false">
               <detectedIssueDefinition classCode="ALRT" moodCode="DEF">
                  <id use="BUS" root="2.16.840.1.113883.19.3.229.37" extension="367865509245"/>
                  <text>
        Those who take acetaminophen along with the widely used blood-thinning drug warfarin may face the risk of serious internal bleeding. People on warfarin who take acetaminophen for at least
        seven days in a row should be closely watched for bleeding.
      </text>
                  <author typeCode="AUT" contextControlCode="ON">
                     <time value="19950207"/>
                     <assignedEntity classCode="ASSIGNED">
                        <assignedOrganization classCode="ORG" determinerCode="INSTANCE">
                           <name>Know It All Meds</name>
                        </assignedOrganization>
                     </assignedEntity>
                  </author>
               </detectedIssueDefinition>
            </instantiation>
            <mitigatedBy typeCode="MITGT" contextControlCode="ON" contextConductionInd="false">
               <detectedIssueManagement classCode="ACT" moodCode="EVN">
                  <code code="7" codeSystem="2.16.840.1.113883.5.4"/>
                  <text>Patient has been instructed to discontinue Tylenol use.</text>
                  <statusCode code="completed"/>
                  <author typeCode="AUT">
                     <time value="20090913213724.234-0700"/>
                     <assignedEntity classCode="ASSIGNED">
                        <id xsi:type="II" specializationType="II.PUBLIC" displayable="true" extension="222339999" root="2.16.840.1.113883.19.4.207"/>
                        <assignedPerson classCode="PSN" determinerCode="INSTANCE">
                           <name use="L" xsi:type="PN" specializationType="PN.BASIC">
                              <prefix>Dr.</prefix>
                              <given>Fay</given>
                              <given qualifier="IN">F</given>
                              <family>Family</family>
                           </name>
                           <asHealthCareProvider classCode="PROV">
                              <id xsi:type="II" specializationType="II.PUBLIC" displayable="true" extension="200202888" root="2.16.840.1.113883.4.41"/>
                           </asHealthCareProvider>
                        </assignedPerson>
                     </assignedEntity>
                  </author>
               </detectedIssueManagement>
            </mitigatedBy>
            <subjectOf typeCode="SUBJ" contextControlCode="ON" contextConductionInd="false">
               <severityObservation classCode="OBS" moodCode="EVN">
                  <code code="SEV" codeSystem="2.16.840.1.113883.5.4"/>
                  <value code="H" codeSystem="2.16.840.1.113883.5.1063"/>
               </severityObservation>
            </subjectOf>
         </detectedIssueEvent>
      </subject>
   </controlActEvent>
</COMT_IN700001CA>