<?xml version="1.0" encoding="UTF-8"?><COMT_IN500001CA xmlns="urn:hl7-org:v3" xmlns:xsi="http://www.w3.org/2001/XMLSchema-instance" ITSVersion="XML_1.0" xsi:schemaLocation="urn:hl7-org:v3 ../Schemas/COMT_IN500001CA.xsd"><!--
    - Note: This is an example instance.  In a real instance the following differences would apply
    -     1. There would be no schema declaration.  (Receivers will validate against their own schemas)
    -     2. Example OIDs would be replaced by real OIDs
    -     3. Processing mode would be Production, not Debug
    -     4. Data would be real values :>
  --><realmCode code="CA"/>
   <id root="680192BE-4985-2D06-05FD-DB84E83945F0"/>
   <creationTime value="20090913213848.812-0700"/>
   <responseModeCode code="I"/>
   <versionCode code="V3-2008N"/>
   <interactionId root="2.16.840.1.113883.1.18" extension="COMT_IN500001CA" displayable="true"/>
   <profileId use="BUS" root="2.16.840.1.113883.2.20.2" extension="R02.04.02"/>
   <processingCode code="D"/>
   <processingModeCode code="T"/>
   <acceptAckCode code="NE"/>
   <receiver typeCode="RCV">
      <telecom value="http://120.120.122.100"/>
      <device classCode="DEV" determinerCode="INSTANCE">
         <id use="BUS" root="2.16.840.1.113883.19.3.3017.22.5.0.4" extension="DIS02"/>
         <name>Good Neighbor Pharmacy</name>
      </device>
   </receiver>
   <sender typeCode="SND">
      <telecom value="http://100.100.100.100"/>
      <device classCode="DEV" determinerCode="INSTANCE">
         <id use="BUS" root="2.16.840.1.113883.19.3.297.15.37.0.47" extension="DIS01"/>
         <name>Jurisdiction X HIAL</name>
      </device>
   </sender>
   <controlActEvent classCode="CACT" moodCode="EVN">
      <id use="BUS" root="2.16.840.1.113883.19.3.297.15.37.1" extension="853558703"/>
      <code codeSystem="2.16.840.1.113883.1.18" code="COMT_TE500001CA"/>
      <statusCode code="completed"/>
      <effectiveTime>
         <low value="20090913213848.812-0700"/>
      </effectiveTime>
      <languageCode code="en" codeSystem="2.16.840.1.113883.6.121"/>
      <author typeCode="AUT" contextControlCode="AP">
         <time value="20090913213848.812-0700"/>
         <assignedEntity1 classCode="ASSIGNED">
            <id xsi:type="II" specializationType="II.PUBLIC" displayable="true" extension="222339999" root="2.16.840.1.113883.19.4.207"/>
            <assignedPerson classCode="PSN" determinerCode="INSTANCE">
               <name use="L" xsi:type="PN" specializationType="PN.BASIC">
                  <prefix>Dr.</prefix>
                  <given>Fay</given>
                  <given qualifier="IN">F</given>
                  <family>Family</family>
               </name>
               <asHealthCareProvider classCode="PROV">
                  <id xsi:type="II" specializationType="II.PUBLIC" displayable="true" extension="200202888" root="2.16.840.1.113883.4.41"/>
               </asHealthCareProvider>
            </assignedPerson>
         </assignedEntity1>
      </author>
      <location typeCode="LOC" contextControlCode="AP">
         <serviceDeliveryLocation classCode="SDLOC">
            <id xsi:type="II" specializationType="II.PUBLIC" extension="8-66733-1" displayable="true" root="2.16.840.1.113883.19.3.291.3"/>
            <location classCode="PLC" determinerCode="INSTANCE">
               <name>Good Health Clinic</name>
            </location>
         </serviceDeliveryLocation>
      </location>
      <subject contextConductionInd="false" contextControlCode="AN" typeCode="SUBJ">
         <informEvent classCode="INFRM" moodCode="EVN">
            <text>The system will be going down at 0600 for approximately one hour.</text>
            <statusCode code="completed"/>
         </informEvent>
      </subject>
   </controlActEvent>
</COMT_IN500001CA>