<?xml version="1.0" encoding="UTF-8"?><PRPM_IN301010CA xmlns="urn:hl7-org:v3" xmlns:xsi="http://www.w3.org/2001/XMLSchema-instance" ITSVersion="XML_1.0" xsi:schemaLocation="urn:hl7-org:v3 ../Schemas/PRPM_IN301010CA.xsd"><!--
    - Note: This is an example instance.  In a real instance the following differences would apply
    -     1. There would be no schema declaration.  (Receivers will validate against their own schemas)
    -     2. Example OIDs would be replaced by real OIDs
    -     3. Processing mode would be Production, not Debug
    -     4. Data would be real values :>
  --><realmCode code="CA"/>
   <id root="7924235B-9527-F682-1B0E-C5625A428448"/>
   <creationTime value="20090913213857.718-0700"/>
   <responseModeCode code="I"/>
   <versionCode code="V3-2008N"/>
   <interactionId root="2.16.840.1.113883.1.18" extension="PRPM_IN301010CA" displayable="true"/>
   <profileId use="BUS" root="2.16.840.1.113883.2.20.2" extension="R02.04.02"/>
   <processingCode code="D"/>
   <processingModeCode code="T"/>
   <acceptAckCode code="NE"/>
   <receiver typeCode="RCV">
      <telecom value="http://100.100.100.100"/>
      <device classCode="DEV" determinerCode="INSTANCE">
         <id use="BUS" root="2.16.840.1.113883.19.3.297.15.37.0.47" extension="DIS01"/>
         <name>Jurisdiction X HIAL</name>
      </device>
   </receiver>
   <sender typeCode="SND">
      <telecom value="http://120.120.120.120"/>
      <device classCode="DEV" determinerCode="INSTANCE">
         <id use="BUS" root="2.16.840.1.113883.19.3.207.15.1.0.3" extension="DIS01"/>
         <name>Good Health Clinic</name>
      </device>
   </sender>
   <controlActEvent classCode="CACT" moodCode="EVN">
      <id use="BUS" root="2.16.840.1.113883.19.3.207.15.1.1" extension="952563205769"/>
      <code codeSystem="2.16.840.1.113883.1.18" code="PRPM_TE301010CA"/>
      <statusCode code="completed"/>
      <effectiveTime xsi:type="IVL_TS">
         <low value="20090913213857.718-0700"/>
      </effectiveTime>
      <languageCode code="en" codeSystem="2.16.840.1.113883.6.121"/>
      <author contextControlCode="AP" typeCode="AUT">
         <time value="20090913213857.718-0700"/>
         <assignedEntity1 classCode="ASSIGNED">
            <id xsi:type="II" specializationType="II.PUBLIC" displayable="true" extension="222339999" root="2.16.840.1.113883.19.4.207"/>
            <assignedPerson classCode="PSN" determinerCode="INSTANCE">
               <name use="L" xsi:type="PN" specializationType="PN.BASIC">
                  <prefix>Dr.</prefix>
                  <given>Fay</given>
                  <given qualifier="IN">F</given>
                  <family>Family</family>
               </name>
               <asHealthCareProvider classCode="PROV">
                  <id xsi:type="II" specializationType="II.PUBLIC" displayable="true" extension="200202888" root="2.16.840.1.113883.4.41"/>
               </asHealthCareProvider>
            </assignedPerson>
         </assignedEntity1>
      </author>
      <location typeCode="LOC" contextControlCode="AP">
         <serviceDeliveryLocation classCode="SDLOC">
            <id xsi:type="II" specializationType="II.PUBLIC" extension="8-66733-1" displayable="true" root="2.16.840.1.113883.19.3.291.3"/>
            <location classCode="PLC" determinerCode="INSTANCE">
               <name>Good Health Clinic</name>
            </location>
         </serviceDeliveryLocation>
      </location>
      <subject contextConductionInd="false" contextControlCode="ON" typeCode="SUBJ">
         <registrationRequest classCode="REG" moodCode="RQO">
            <statusCode code="active"/>
            <subject typeCode="SBJ" contextControlCode="AN">
               <healthCareProvider classCode="PROV">
                  <id displayable="true" extension="1324356" root="2.16.840.1.113883.19.4.208"/>
                  <code code="MD" codeSystem="2.16.840.1.113883.2.20.5.3"/>
                  <name use="L">
                     <prefix>Dr.</prefix>
                     <given>Brian</given>
                     <given>Barnsworth</given>
                     <family>Brain</family>
                  </name>
                  <addr use="WP PST">
    1050 W Wishard Blvd<delimiter/>
                     <city>Regina</city>
                     <state>SK</state>
                     <delimiter/>
                     <postalCode>S5W4E2</postalCode>
                  </addr>
                  <telecom use="WP MC" value="Tel:+1(555)630-7960"/>
                  <statusCode code="active"/>
                  <effectiveTime>
                     <low value="20080120"/>
                  </effectiveTime>
                  <healthCarePrincipalPerson classCode="PSN" determinerCode="INSTANCE">
                     <name use="L">
                        <prefix>Dr.</prefix>
                        <given>Brian</given>
                        <given>Barnsworth</given>
                        <family>Brain</family>
                     </name>
                     <administrativeGenderCode code="M" codeSystem="2.16.840.1.113883.5.1"/>
                     <birthTime value="19701127"/>
                     <languageCommunication>
                        <languageCode code="en" codeSystem="2.16.840.1.113883.6.121"/>
                     </languageCommunication>
                  </healthCarePrincipalPerson>
                  <issuingOrganization classCode="ORG" determinerCode="INSTANCE">
                     <id root="B54A953C-9F1D-4385-A12A-C8FF7656027D" use="BUS"/>
                     <name>Saskatchewan College of Physician &amp; Surgeons</name>
                  </issuingOrganization>
                  <relatedTo typeCode="REL">
                     <assignedEntity classCode="ASSIGNED">
                        <id displayable="true" extension="3332233" root="2.16.840.1.113883.19.4.207"/>
                        <code code="CP" codeSystem="2.16.840.1.113883.2.20.5.2"/>
                        <name use="L">
                           <prefix>Dr.</prefix>
                           <given>Brian</given>
                           <given>Barnsworth</given>
                           <family>Brain</family>
                        </name>
                        <addr use="WP PST">
      1050 W Wishard Blvd<delimiter/>
                           <city>Regina</city>
                           <state>SK</state>
                           <delimiter/>
                           <postalCode>S5W4E2</postalCode>
                        </addr>
                        <telecom use="WP MC" value="Tel:+1(555)630-7960"/>
                        <statusCode code="active"/>
                        <effectiveTime>
                           <low value="20090120"/>
                           <high value="20090120"/>
                        </effectiveTime>
                     </assignedEntity>
                  </relatedTo>
               </healthCareProvider>
            </subject>
            <custodian typeCode="CST" contextControlCode="AP">
               <assignedDevice classCode="ASSIGNED">
                  <id use="BUS" root="2.16.840.1.113883.19.3.77.18"/>
                  <assignedRepository classCode="DEV" determinerCode="INSTANCE">
                     <name>Client Registry</name>
                  </assignedRepository>
                  <representedRepositoryJurisdiction classCode="STATE" determinerCode="INSTANCE">
                     <name>Saskatchewan</name>
                  </representedRepositoryJurisdiction>
               </assignedDevice>
            </custodian>
         </registrationRequest>
      </subject>
   </controlActEvent>
</PRPM_IN301010CA>