<?xml version="1.0" encoding="UTF-8"?><POIZ_IN020020CA xmlns="urn:hl7-org:v3" xmlns:xsi="http://www.w3.org/2001/XMLSchema-instance" ITSVersion="XML_1.0" xsi:schemaLocation="urn:hl7-org:v3 ../Schemas/POIZ_IN020020CA.xsd">
   <realmCode code="CA"/>
   <id root="DD284C94-2AFD-1CCE-2A7F-32A4B97F5E76"/>
   <creationTime value="20090916223817.281-0700"/>
   <responseModeCode code="I"/>
   <versionCode code="V3-2008N"/>
   <interactionId root="2.16.840.1.113883.1.18" extension="POIZ_IN020020CA" displayable="true"/>
   <profileId use="BUS" root="2.16.840.1.113883.2.20.2" extension="R02.04.02"/>
   <processingCode code="D"/>
   <processingModeCode code="T"/>
   <acceptAckCode code="NE"/>
   <receiver typeCode="RCV">
      <telecom value="http://120.120.120.120"/>
      <device classCode="DEV" determinerCode="INSTANCE">
         <id use="BUS" root="2.16.840.1.113883.19.3.207.15.1.0.3" extension="DIS01"/>
         <name>Good Health Clinic</name>
      </device>
   </receiver>
   <sender typeCode="SND">
      <telecom value="http://100.100.100.100"/>
      <device classCode="DEV" determinerCode="INSTANCE">
         <id use="BUS" root="2.16.840.1.113883.19.3.297.15.37.0.47" extension="DIS01"/>
         <name>Jurisdiction X HIAL</name>
      </device>
   </sender>
   <acknowledgement>
      <typeCode code="AA"/>
      <targetMessage>
         <id root="C38A7121-4FDE-3C1E-C272-B6F528324E7D"/>
      </targetMessage>
   </acknowledgement>
   <controlActEvent moodCode="EVN" classCode="CACT">
      <id use="BUS" root="2.16.840.1.113883.19.3.297.15.37.1" extension="550608089"/>
      <code codeSystem="2.16.840.1.113883.1.18" code="POIZ_TE010070UV"/>
      <statusCode code="completed"/>
      <effectiveTime xsi:type="IVL_TS">
         <low value="20090916223815.281-0700"/>
      </effectiveTime>
      <languageCode code="en" codeSystem="2.16.840.1.113883.6.121"/>
      <recordTarget typeCode="RCT" contextControlCode="AP">
         <patient1 classCode="PAT">
            <id displayable="true" root="2.16.840.1.113883.4.20" extension="688112888"/>
            <patientPerson classCode="PSN" determinerCode="INSTANCE">
               <name use="L" specializationType="PN.BASIC">
                  <family>King</family>
                  <given>Pauline</given>
               </name>
               <administrativeGenderCode codeSystem="2.16.840.1.113883.5.1" code="F"/>
               <birthTime value="20020912"/>
            </patientPerson>
         </patient1>
      </recordTarget>
      <subject typeCode="SUBJ" contextControlCode="AN" contextConductionInd="true">
         <immunization classCode="SBADM" moodCode="EVN" negationInd="false">
            <id specializationType="II.PUBLIC" displayable="true" extension="829SRFGZ80Y6Z" root="2.16.840.1.113883.19.3.207.15.1.1"/>
            <code code="IMMUNIZ" codeSystem="2.16.840.1.113883.5.4"/>
            <statusCode code="completed"/>
            <effectiveTime xsi:type="TS" specializationType="TS.DATE" value="20090911"/>
            <uncertaintyCode code="N" codeSystem="2.16.840.1.113883.5.1053"/>
            <routeCode code="SQ" codeSystem="2.16.840.1.113883.5.112"/>
            <approachSiteCode code="LVL" codeSystem="2.16.840.1.113883.12.163"/>
            <doseQuantity xsi:type="PQ" specializationType="PQ.DRUG" value="0.5" unit="ml"/>
            <subject contextControlCode="OP" typeCode="SBJ">
               <patient classCode="PAT">
                  <id displayable="true" root="2.16.840.1.113883.4.20" extension="688112888"/>
                  <addr use="H PST PHYS">2222 Home Street<delimiter/>
                     <city>Edmonton</city>
                     <delimiter>,</delimiter>
                     <state code="CA-AB" codeSystem="2.16.840.1.113883.5.28">Alberta</state>
                     <delimiter/>
                     <country code="CAN" codeSystem="2.16.840.1.113883.5.28">Canada</country>
                     <postalCode>T5K 2B9</postalCode>
                  </addr>
                  <telecom use="H" specializationType="TEL.PHONE" value="tel:+1-780-555-1234"/>
                  <patientPerson classCode="PSN" determinerCode="INSTANCE">
                     <name use="L" specializationType="PN.BASIC">
                        <family>King</family>
                        <given>Pauline</given>
                     </name>
                     <administrativeGenderCode codeSystem="2.16.840.1.113883.5.1" code="F"/>
                     <birthTime value="20020912"/>
                  </patientPerson>
               </patient>
            </subject>
            <consumable contextControlCode="OP" typeCode="CSM">
               <administerableMedicine classCode="ADMM">
                  <administerableVaccine classCode="MMAT" determinerCode="KIND">
                     <code code="61153008" codeSystem="2.16.840.1.113883.6.96"/>
                     <name>MMR</name>
                     <formCode code="APPFUL" codeSystem="2.16.840.1.113883.5.85"/>
                     <lotNumberText>456BCD</lotNumberText>
                     <expirationTime xsi:type="IVL_TS">
                        <high specializationType="TS.FULLDATE" value="20070312"/>
                     </expirationTime>
                     <asManufacturedProduct classCode="MANU">
                        <manufacturer classCode="ORG" determinerCode="INSTANCE">
                           <id displayable="true" extension="5555555" root="2.55.555.1.113883.8.1064"/>
                           <name>GlaxoSmithKline Inc</name>
                        </manufacturer>
                     </asManufacturedProduct>
                     <ingredients classCode="INGR">
                        <ingredient classCode="MMAT" determinerCode="INSTANCE">
                           <code code="121030007" codeSystem="2.16.840.1.113883.6.96" originalText="Measles Antigen"/>
                           <asHealthChart classCode="HLTHCHRT">
                              <subjectOf1 typeCode="SBJ">
                                 <antigenValidity classCode="OBS" moodCode="EVN">
                                    <code code="OBSANTV" codeSystem="2.16.840.1.113883.2.20.5.2"/>
                                    <value value="true"/>
                                 </antigenValidity>
                              </subjectOf1>
                              <subjectOf2 typeCode="SBJ">
                                 <antigenCount classCode="OBS" moodCode="EVN">
                                    <code code="OBSANTC" codeSystem="2.16.840.1.113883.2.20.5.2"/>
                                    <value value="1"/>
                                 </antigenCount>
                              </subjectOf2>
                           </asHealthChart>
                        </ingredient>
                     </ingredients>
                     <ingredients classCode="INGR">
                        <ingredient classCode="MMAT" determinerCode="INSTANCE">
                           <code code="121087003" codeSystem="2.16.840.1.113883.6.96" originalText="Mumps Antigen"/>
                           <asHealthChart classCode="HLTHCHRT">
                              <subjectOf1 typeCode="SBJ">
                                 <antigenValidity classCode="OBS" moodCode="EVN">
                                    <code code="OBSANTV" codeSystem="2.16.840.1.113883.2.20.5.2"/>
                                    <value value="true"/>
                                 </antigenValidity>
                              </subjectOf1>
                              <subjectOf2 typeCode="SBJ">
                                 <antigenCount classCode="OBS" moodCode="EVN">
                                    <code code="OBSANTC" codeSystem="2.16.840.1.113883.2.20.5.2"/>
                                    <value value="1"/>
                                 </antigenCount>
                              </subjectOf2>
                           </asHealthChart>
                        </ingredient>
                     </ingredients>
                     <ingredients classCode="INGR">
                        <ingredient classCode="MMAT" determinerCode="INSTANCE">
                           <code code="120998006" codeSystem="2.16.840.1.113883.6.96" originalText="Rubella Antigen"/>
                           <asHealthChart classCode="HLTHCHRT">
                              <subjectOf1 typeCode="SBJ">
                                 <antigenValidity classCode="OBS" moodCode="EVN">
                                    <code code="OBSANTV" codeSystem="2.16.840.1.113883.2.20.5.2"/>
                                    <value value="true"/>
                                 </antigenValidity>
                              </subjectOf1>
                              <subjectOf2 typeCode="SBJ">
                                 <antigenCount classCode="OBS" moodCode="EVN">
                                    <code code="OBSANTC" codeSystem="2.16.840.1.113883.2.20.5.2"/>
                                    <value value="1"/>
                                 </antigenCount>
                              </subjectOf2>
                           </asHealthChart>
                        </ingredient>
                     </ingredients>
                  </administerableVaccine>
               </administerableMedicine>
            </consumable>
            <responsibleParty contextControlCode="OP" typeCode="RESP">
               <assignedEntity classCode="ASSIGNED">
                  <id xsi:type="II" specializationType="II.PUBLIC" displayable="true" extension="999222222" root="2.16.840.1.113883.19.4.207"/>
                  <code code="PHYS" codeSystem="2.16.840.1.113883.5.111"/>
                  <telecom specializationType="TEL.PHONE" use="WP" value="tel:+1(555)630-7960"/>
                  <assignedPerson classCode="PSN" determinerCode="INSTANCE">
                     <name use="L" xsi:type="PN" specializationType="PN.BASIC">
                        <prefix>Dr.</prefix>
                        <given>Irving</given>
                        <given qualifier="IN">I</given>
                        <family>Intern</family>
                     </name>
                     <asHealthCareProvider classCode="PROV">
                        <id xsi:type="II" specializationType="II.PUBLIC" displayable="true" extension="200203999" root="2.16.840.1.113883.4.41"/>
                     </asHealthCareProvider>
                  </assignedPerson>
               </assignedEntity>
            </responsibleParty>
            <performer contextControlCode="OP" typeCode="PRF">
               <assignedEntity classCode="ASSIGNED">
                  <id xsi:type="II" specializationType="II.PUBLIC" displayable="true" extension="999222222" root="2.16.840.1.113883.19.4.207"/>
                  <code code="PHYS" codeSystem="2.16.840.1.113883.5.111"/>
                  <telecom specializationType="TEL.PHONE" use="WP" value="tel:+1(555)630-7960"/>
                  <assignedPerson classCode="PSN" determinerCode="INSTANCE">
                     <name use="L" xsi:type="PN" specializationType="PN.BASIC">
                        <prefix>Dr.</prefix>
                        <given>Irving</given>
                        <given qualifier="IN">I</given>
                        <family>Intern</family>
                     </name>
                     <asHealthCareProvider classCode="PROV">
                        <id xsi:type="II" specializationType="II.PUBLIC" displayable="true" extension="200203999" root="2.16.840.1.113883.4.41"/>
                     </asHealthCareProvider>
                  </assignedPerson>
               </assignedEntity>
            </performer>
            <author contextControlCode="OP" typeCode="AUT">
               <assignedEntity classCode="ASSIGNED">
                  <id xsi:type="II" specializationType="II.PUBLIC" displayable="true" extension="999222222" root="2.16.840.1.113883.19.4.207"/>
                  <code code="PHYS" codeSystem="2.16.840.1.113883.5.111"/>
                  <telecom specializationType="TEL.PHONE" use="WP" value="tel:+1(555)630-7960"/>
                  <assignedPerson classCode="PSN" determinerCode="INSTANCE">
                     <name use="L" xsi:type="PN" specializationType="PN.BASIC">
                        <prefix>Dr.</prefix>
                        <given>Irving</given>
                        <given qualifier="IN">I</given>
                        <family>Intern</family>
                     </name>
                     <asHealthCareProvider classCode="PROV">
                        <id xsi:type="II" specializationType="II.PUBLIC" displayable="true" extension="200203999" root="2.16.840.1.113883.4.41"/>
                     </asHealthCareProvider>
                  </assignedPerson>
               </assignedEntity>
            </author>
            <authenticator contextControlCode="OP" typeCode="AUTHEN">
               <assignedEntity classCode="ASSIGNED">
                  <id xsi:type="II" specializationType="II.PUBLIC" displayable="true" extension="999222222" root="2.16.840.1.113883.19.4.207"/>
                  <code code="PHYS" codeSystem="2.16.840.1.113883.5.111"/>
                  <telecom specializationType="TEL.PHONE" use="WP" value="tel:+1(555)630-7960"/>
                  <assignedPerson classCode="PSN" determinerCode="INSTANCE">
                     <name use="L" xsi:type="PN" specializationType="PN.BASIC">
                        <prefix>Dr.</prefix>
                        <given>Irving</given>
                        <given qualifier="IN">I</given>
                        <family>Intern</family>
                     </name>
                     <asHealthCareProvider classCode="PROV">
                        <id xsi:type="II" specializationType="II.PUBLIC" displayable="true" extension="200203999" root="2.16.840.1.113883.4.41"/>
                     </asHealthCareProvider>
                  </assignedPerson>
               </assignedEntity>
            </authenticator>
            <location contextControlCode="ON" typeCode="LOC">
               <serviceDeliveryLocation classCode="SDLOC">
                  <id xsi:type="II" specializationType="II.PUBLIC" displayable="true" extension="7-1234500-1" root="2.16.840.1.113883.19.3.291.3"/>
                  <code code="HOSP" codeSystem="2.16.840.1.113883.5.111"/>
                  <addr use="PHYS" xsi:type="AD" specializationType="AD.BASIC">
                     <delimiter>Hospital Lane</delimiter>
                     <city>Ann Arbor</city>
                     <state>MI</state>
                     <postalCode>99999</postalCode>
                  </addr>
                  <telecom use="WP" xsi:type="TEL" specializationType="TEL.PHONE" value="tel:+1-555-555-3013"/>
                  <location classCode="PLC" determinerCode="INSTANCE">
                     <name xsi:type="ST">New World Teaching hospital</name>
                  </location>
               </serviceDeliveryLocation>
            </location>
            <inFulfillmentOf contextConductionInd="true" contextControlCode="AN" typeCode="FLFS">
               <sequenceNumber value="2"/>
               <immunizationPlan classCode="SBADM" moodCode="INT">
                  <code code="IMMUNIZ" codeSystem="2.16.840.1.113883.5.4"/>
                  <statusCode code="active"/>
               </immunizationPlan>
            </inFulfillmentOf>
            <reason contextConductionInd="false" contextControlCode="AN" typeCode="RSON">
               <immunizationReason classCode="OBS" moodCode="EVN">
                  <text>Routine</text>
                  <reasonCode code="50811001" codeSystem="2.16.840.1.113883.6.96"/>
               </immunizationReason>
            </reason>
         </immunization>
      </subject>
      <queryAck>
         <queryId root="538EDB9A-453A-F9DE-6316-2FD824814C0D"/>
         <queryResponseCode code="NF"/>
         <resultTotalQuantity value="0"/>
         <resultCurrentQuantity value="0"/>
         <resultRemainingQuantity value="0"/>
      </queryAck>
      <queryByParameter>
         <queryId root="538EDB9A-453A-F9DE-6316-2FD824814C0D"/>
         <parameterList>
            <immunizationEventID xsi:type="II">
               <value specializationType="II.PUBLIC" extension="111116" displayable="true" root="1.16.555.1.113883.5.1"/>
            </immunizationEventID>
            <patientBirthDate xsi:type="TS">
               <value specializationType="TS.FULLDATE" value="20020912"/>
            </patientBirthDate>
            <patientGender>
               <value code="F" codeSystem="2.16.840.1.113883.5.1"/>
            </patientGender>
            <patientID xsi:type="II">
               <value specializationType="II.PUBLIC" displayable="true" extension="202020" root="2.16.840.1.113883.4.20"/>
            </patientID>
            <patientName xsi:type="PN">
               <value specializationType="PN.BASIC" use="L">
                  <given>Pauline</given>
                  <family>King</family>
               </value>
            </patientName>
         </parameterList>
      </queryByParameter>
   </controlActEvent>
</POIZ_IN020020CA>