<?xml version="1.0" encoding="UTF-8"?><POIZ_IN021010CA xmlns="urn:hl7-org:v3" xmlns:xsi="http://www.w3.org/2001/XMLSchema-instance" ITSVersion="XML_1.0" xsi:schemaLocation="urn:hl7-org:v3 ../Schemas/POIZ_IN021010CA.xsd"><!--
    - Note: This is an example instance.  In a real instance the following differences would apply
    -     1. There would be no schema declaration.  (Receivers will validate against their own schemas)
    -     2. Example OIDs would be replaced by real OIDs
    -     3. Processing mode would be Production, not Debug
    -     4. Data would be real values :>
  --><realmCode code="CA"/>
   <id root="17773E24-8126-168F-9575-6B1023BE9D71"/>
   <creationTime value="20090916220349.031-0700"/>
   <responseModeCode code="I"/>
   <versionCode code="V3-2008N"/>
   <interactionId root="2.16.840.1.113883.1.18" extension="POIZ_IN021010CA" displayable="true"/>
   <profileId use="BUS" root="2.16.840.1.113883.2.20.2" extension="R02.04.02"/>
   <processingCode code="D"/>
   <processingModeCode code="T"/>
   <acceptAckCode code="NE"/>
   <receiver typeCode="RCV">
      <telecom value="http://100.100.100.100"/>
      <device classCode="DEV" determinerCode="INSTANCE">
         <id use="BUS" root="2.16.840.1.113883.19.3.297.15.37.0.47" extension="DIS01"/>
         <name>Jurisdiction X HIAL</name>
      </device>
   </receiver>
   <sender typeCode="SND">
      <telecom value="http://120.120.120.120"/>
      <device classCode="DEV" determinerCode="INSTANCE">
         <id use="BUS" root="2.16.840.1.113883.19.3.207.15.1.0.3" extension="DIS01"/>
         <name>Good Health Clinic</name>
      </device>
   </sender>
   <controlActEvent moodCode="EVN" classCode="CACT">
      <id use="BUS" root="2.16.840.1.113883.19.3.207.15.1.1" extension="0594262949487"/>
      <code codeSystem="2.16.840.1.113883.1.18" code="POIZ_TE021010UV"/>
      <statusCode code="completed"/>
      <effectiveTime xsi:type="IVL_TS">
         <low value="20090916220349.031-0700"/>
      </effectiveTime>
      <reasonCode codeSystem="2.16.840.1.113883.5.8" code="PATCAR"/>
      <languageCode code="en" codeSystem="2.16.840.1.113883.6.121"/>
      <author typeCode="AUT" contextControlCode="AP">
         <time value="20090916220349.031-0700"/>
         <assignedEntity1 classCode="ASSIGNED">
            <id xsi:type="II" specializationType="II.PUBLIC" displayable="true" extension="222339999" root="2.16.840.1.113883.19.4.207"/>
            <assignedPerson classCode="PSN" determinerCode="INSTANCE">
               <name use="L" xsi:type="PN" specializationType="PN.BASIC">
                  <prefix>Dr.</prefix>
                  <given>Fay</given>
                  <given qualifier="IN">F</given>
                  <family>Family</family>
               </name>
               <asHealthCareProvider classCode="PROV">
                  <id xsi:type="II" specializationType="II.PUBLIC" displayable="true" extension="200202888" root="2.16.840.1.113883.4.41"/>
               </asHealthCareProvider>
            </assignedPerson>
         </assignedEntity1>
      </author>
      <location typeCode="LOC" contextControlCode="AP">
         <serviceDeliveryLocation classCode="SDLOC">
            <id xsi:type="II" specializationType="II.PUBLIC" extension="8-66733-1" displayable="true" root="2.16.840.1.113883.19.3.291.3"/>
            <location classCode="PLC" determinerCode="INSTANCE">
               <name>Good Health Clinic</name>
            </location>
         </serviceDeliveryLocation>
      </location>
      <queryByParameter>
         <queryId root="F90F6639-F66E-369A-B78E-9D6C6382CAA5"/>
         <parameterList>
            <immunizationPeriod>
               <value xsi:type="IVL_TS">
                  <low specializationType="TS.FULLDATE" value="20070101"/>
                  <high specializationType="TS.FULLDATE" value="20091231"/>
               </value>
            </immunizationPeriod>
            <patientBirthDate>
               <value xsi:type="IVL_TS">
                  <low specializationType="TS.FULLDATE" value="20020912"/>
                  <high specializationType="TS.FULLDATE" value="20020912"/>
               </value>
            </patientBirthDate>
            <patientGender>
               <value code="F" codeSystem="2.16.840.1.113883.5.1"/>
            </patientGender>
            <patientID>
               <value xsi:type="II" specializationType="II.PUBLIC" displayable="true" extension="202020" root="2.16.840.1.113883.4.20"/>
            </patientID>
            <patientName>
               <value xsi:type="PN" specializationType="PN.BASIC" use="L">
                  <given>Pauline</given>
                  <family>King</family>
               </value>
            </patientName>
         </parameterList>
      </queryByParameter>
   </controlActEvent>
</POIZ_IN021010CA>