<?xml version="1.0" encoding="UTF-8"?><POIZ_IN010070CA xmlns="urn:hl7-org:v3" xmlns:xsi="http://www.w3.org/2001/XMLSchema-instance" ITSVersion="XML_1.0" xsi:schemaLocation="urn:hl7-org:v3 ../Schemas/POIZ_IN010070CA.xsd"><!--
    - Note: This is an example instance.  In a real instance the following differences would apply
    -     1. There would be no schema declaration.  (Receivers will validate against their own schemas)
    -     2. Example OIDs would be replaced by real OIDs
    -     3. Processing mode would be Production, not Debug
    -     4. Data would be real values :>
  --><realmCode code="CA"/>
   <id root="14223731-DB28-1C96-B774-E78A58E8C805"/>
   <creationTime value="20090916165311.343-0700"/>
   <responseModeCode code="I"/>
   <versionCode code="V3-2008N"/>
   <interactionId root="2.16.840.1.113883.1.18" extension="POIZ_IN010070CA" displayable="true"/>
   <profileId use="BUS" root="2.16.840.1.113883.2.20.2" extension="R02.04.02"/>
   <processingCode code="D"/>
   <processingModeCode code="T"/>
   <acceptAckCode code="NE"/>
   <receiver typeCode="RCV">
      <telecom value="http://100.100.100.100"/>
      <device classCode="DEV" determinerCode="INSTANCE">
         <id use="BUS" root="2.16.840.1.113883.19.3.297.15.37.0.47" extension="DIS01"/>
         <name>Jurisdiction X HIAL</name>
      </device>
   </receiver>
   <sender typeCode="SND">
      <telecom value="http://120.120.120.120"/>
      <device classCode="DEV" determinerCode="INSTANCE">
         <id use="BUS" root="2.16.840.1.113883.19.3.207.15.1.0.3" extension="DIS01"/>
         <name>Good Health Clinic</name>
      </device>
   </sender>
   <controlActEvent moodCode="EVN" classCode="CACT">
      <id use="BUS" root="2.16.840.1.113883.19.3.207.15.1.1" extension="2235140579477"/>
      <code codeSystem="2.16.840.1.113883.1.18" code="POIZ_TE010090UV"/>
      <statusCode code="completed"/>
      <effectiveTime xsi:type="IVL_TS">
         <low value="20090916165311.343-0700"/>
      </effectiveTime>
      <languageCode code="en" codeSystem="2.16.840.1.113883.6.121"/>
      <recordTarget typeCode="RCT" contextControlCode="AP">
         <patient1 classCode="PAT">
            <id displayable="true" root="2.16.840.1.113883.4.20" extension="688112991"/>
            <patientPerson classCode="PSN" determinerCode="INSTANCE">
               <name use="L" specializationType="PN.BASIC">
                  <family>Nuclear</family>
                  <given>John</given>
                  <prefix>Mr.</prefix>
                  <suffix>III</suffix>
               </name>
               <administrativeGenderCode codeSystem="2.16.840.1.113883.5.1" code="M"/>
               <birthTime value="20020712"/>
            </patientPerson>
         </patient1>
      </recordTarget>
      <author typeCode="AUT" contextControlCode="AP">
         <time value="20090916165311.343-0700"/>
         <assignedEntity1 classCode="ASSIGNED">
            <id xsi:type="II" specializationType="II.PUBLIC" displayable="true" extension="222339999" root="2.16.840.1.113883.19.4.207"/>
            <assignedPerson classCode="PSN" determinerCode="INSTANCE">
               <name use="L" xsi:type="PN" specializationType="PN.BASIC">
                  <prefix>Dr.</prefix>
                  <given>Fay</given>
                  <given qualifier="IN">F</given>
                  <family>Family</family>
               </name>
               <asHealthCareProvider classCode="PROV">
                  <id xsi:type="II" specializationType="II.PUBLIC" displayable="true" extension="200202888" root="2.16.840.1.113883.4.41"/>
               </asHealthCareProvider>
            </assignedPerson>
         </assignedEntity1>
      </author>
      <location typeCode="LOC" contextControlCode="AP">
         <serviceDeliveryLocation classCode="SDLOC">
            <id xsi:type="II" specializationType="II.PUBLIC" extension="8-66733-1" displayable="true" root="2.16.840.1.113883.19.3.291.3"/>
            <location classCode="PLC" determinerCode="INSTANCE">
               <name>Good Health Clinic</name>
            </location>
         </serviceDeliveryLocation>
      </location>
      <subject typeCode="SUBJ" contextControlCode="AN" contextConductionInd="true">
         <immunization classCode="SBADM" moodCode="EVN">
            <id displayable="true" extension="Z7R40" root="2.16.840.1.113883.19.3.207.15.1.21"/>
            <code code="IMMUNIZ" codeSystem="2.16.840.1.113883.5.4"/>
            <negationInd value="false"/>
            <statusCode code="completed"/>
            <confidentialityCode code="N" codeSystem="2.16.840.1.113883.5.25"/>
            <uncertaintyCode code="N" codeSystem="2.16.840.1.113883.5.1053"/>
            <routeCode code="SQ" codeSystem="2.16.840.1.113883.5.112"/>
            <approachSiteCode code="LVL" codeSystem="2.16.840.1.113883.12.163"/>
            <doseQuantity unit="ml" value="0.5"/>
            <subject contextControlCode="OP" typeCode="SBJ">
               <patient classCode="PAT">
                  <id displayable="true" root="2.16.840.1.113883.4.20" extension="688112991"/>
                  <addr use="H PST PHYS">2222 Home Street<delimiter/>
                     <city>Regina</city>
                     <delimiter>,</delimiter>
                     <state code="CA-SK" codeSystem="2.16.840.1.113883.5.28">Saskatchewan</state>
                     <delimiter/>
                     <country code="CAN" codeSystem="2.16.840.1.113883.5.28">Canada</country>
                     <postalCode>S1S 1S1</postalCode>
                  </addr>
                  <telecom use="H" specializationType="TEL.PHONE" value="tel:+1-306-555-1234"/>
                  <patientPerson classCode="PSN" determinerCode="INSTANCE">
                     <name use="L" specializationType="PN.BASIC">
                        <family>Nuclear</family>
                        <given>John</given>
                        <prefix>Mr.</prefix>
                        <suffix>III</suffix>
                     </name>
                     <administrativeGenderCode codeSystem="2.16.840.1.113883.5.1" code="M"/>
                     <birthTime value="20020712"/>
                  </patientPerson>
               </patient>
            </subject>
            <consumable contextControlCode="OP" typeCode="CSM">
               <administerableMedicine classCode="ADMM">
                  <administerableVaccine classCode="MMAT" determinerCode="KIND">
                     <code code="61153008" codeSystem="2.16.840.1.113883.6.96"/>
                     <name>Priorix MMR</name>
                     <formCode code="APPFUL" codeSystem="2.16.840.1.113883.5.85"/>
                     <lotNumberText>456BCD</lotNumberText>
                     <expirationTime xsi:type="IVL_TS">
                        <high xsi:type="TS" specializationType="TS.FULLDATE" value="20100911"/>
                     </expirationTime>
                     <asManufacturedProduct classCode="MANU">
                        <manufacturer classCode="ORG" determinerCode="INSTANCE">
                           <name>GlaxoSmithKline Inc</name>
                        </manufacturer>
                     </asManufacturedProduct>
                     <ingredients classCode="INGR">
                        <ingredient classCode="MMAT" determinerCode="INSTANCE">
                           <code code="121030007" codeSystem="2.16.840.1.113883.6.96" originalText="Measles Antigen"/>
                           <asHealthChart classCode="HLTHCHRT">
                              <subjectOf1 typeCode="SBJ">
                                 <antigenValidity classCode="OBS" moodCode="EVN">
                                    <code code="ObservationImmunizationAntigenValidityType" codeSystem="2.16.840.1.113883.5.4"/>
                                    <value value="true"/>
                                 </antigenValidity>
                              </subjectOf1>
                              <subjectOf2 typeCode="SBJ">
                                 <antigenCount classCode="OBS" moodCode="EVN">
                                    <code code="ObservationImmunizationAntigenCountType" codeSystem="2.16.840.1.113883.5.4"/>
                                    <value value="1"/>
                                 </antigenCount>
                              </subjectOf2>
                           </asHealthChart>
                        </ingredient>
                     </ingredients>
                     <ingredients classCode="INGR">
                        <ingredient classCode="MMAT" determinerCode="INSTANCE">
                           <code code="121087003" codeSystem="2.16.840.1.113883.6.96" originalText="Mumps Antigen"/>
                           <asHealthChart classCode="HLTHCHRT">
                              <subjectOf1 typeCode="SBJ">
                                 <antigenValidity classCode="OBS" moodCode="EVN">
                                    <code code="ObservationImmunizationAntigenValidityType" codeSystem="2.16.840.1.113883.5.4"/>
                                    <value value="true"/>
                                 </antigenValidity>
                              </subjectOf1>
                              <subjectOf2 typeCode="SBJ">
                                 <antigenCount classCode="OBS" moodCode="EVN">
                                    <code code="ObservationImmunizationAntigenCountType" codeSystem="2.16.840.1.113883.5.4"/>
                                    <value value="1"/>
                                 </antigenCount>
                              </subjectOf2>
                           </asHealthChart>
                        </ingredient>
                     </ingredients>
                     <ingredients classCode="INGR">
                        <ingredient classCode="MMAT" determinerCode="INSTANCE">
                           <code code="120998006" codeSystem="2.16.840.1.113883.6.96" originalText="Rubella Antigen"/>
                           <asHealthChart classCode="HLTHCHRT">
                              <subjectOf1 typeCode="SBJ">
                                 <antigenValidity classCode="OBS" moodCode="EVN">
                                    <code code="ObservationImmunizationAntigenValidityType" codeSystem="2.16.840.1.113883.5.4"/>
                                    <value value="true"/>
                                 </antigenValidity>
                              </subjectOf1>
                              <subjectOf2 typeCode="SBJ">
                                 <antigenCount classCode="OBS" moodCode="EVN">
                                    <code code="ObservationImmunizationAntigenCountType" codeSystem="2.16.840.1.113883.5.4"/>
                                    <value value="1"/>
                                 </antigenCount>
                              </subjectOf2>
                           </asHealthChart>
                        </ingredient>
                     </ingredients>
                  </administerableVaccine>
               </administerableMedicine>
            </consumable>
            <responsibleParty contextControlCode="OP" typeCode="RESP">
               <assignedEntity classCode="ASSIGNED">
                  <id xsi:type="II" specializationType="II.PUBLIC" displayable="true" extension="999222222" root="2.16.840.1.113883.19.4.207"/>
                  <code code="PHYS" codeSystem="2.16.840.1.113883.5.111"/>
                  <telecom specializationType="TEL.PHONE" use="WP" value="tel:+1(555)630-7960"/>
                  <assignedPerson classCode="PSN" determinerCode="INSTANCE">
                     <name use="L" xsi:type="PN" specializationType="PN.BASIC">
                        <prefix>Dr.</prefix>
                        <given>Irving</given>
                        <given qualifier="IN">I</given>
                        <family>Intern</family>
                     </name>
                     <asHealthCareProvider classCode="PROV">
                        <id xsi:type="II" specializationType="II.PUBLIC" displayable="true" extension="200203999" root="2.16.840.1.113883.4.41"/>
                     </asHealthCareProvider>
                  </assignedPerson>
               </assignedEntity>
            </responsibleParty>
            <performer contextControlCode="OP" typeCode="PRF">
               <assignedEntity classCode="ASSIGNED">
                  <id xsi:type="II" specializationType="II.PUBLIC" displayable="true" extension="999222222" root="2.16.840.1.113883.19.4.207"/>
                  <code code="PHYS" codeSystem="2.16.840.1.113883.5.111"/>
                  <telecom specializationType="TEL.PHONE" use="WP" value="tel:+1(555)630-7960"/>
                  <assignedPerson classCode="PSN" determinerCode="INSTANCE">
                     <name use="L" xsi:type="PN" specializationType="PN.BASIC">
                        <prefix>Dr.</prefix>
                        <given>Irving</given>
                        <given qualifier="IN">I</given>
                        <family>Intern</family>
                     </name>
                     <asHealthCareProvider classCode="PROV">
                        <id xsi:type="II" specializationType="II.PUBLIC" displayable="true" extension="200203999" root="2.16.840.1.113883.4.41"/>
                     </asHealthCareProvider>
                  </assignedPerson>
               </assignedEntity>
            </performer>
            <author contextControlCode="OP" typeCode="AUT">
               <assignedEntity classCode="ASSIGNED">
                  <id xsi:type="II" specializationType="II.PUBLIC" displayable="true" extension="999222222" root="2.16.840.1.113883.19.4.207"/>
                  <code code="PHYS" codeSystem="2.16.840.1.113883.5.111"/>
                  <telecom specializationType="TEL.PHONE" use="WP" value="tel:+1(555)630-7960"/>
                  <assignedPerson classCode="PSN" determinerCode="INSTANCE">
                     <name use="L" xsi:type="PN" specializationType="PN.BASIC">
                        <prefix>Dr.</prefix>
                        <given>Irving</given>
                        <given qualifier="IN">I</given>
                        <family>Intern</family>
                     </name>
                     <asHealthCareProvider classCode="PROV">
                        <id xsi:type="II" specializationType="II.PUBLIC" displayable="true" extension="200203999" root="2.16.840.1.113883.4.41"/>
                     </asHealthCareProvider>
                  </assignedPerson>
               </assignedEntity>
            </author>
            <authenticator contextControlCode="OP" typeCode="AUTHEN">
               <assignedEntity classCode="ASSIGNED">
                  <id xsi:type="II" specializationType="II.PUBLIC" displayable="true" extension="999222222" root="2.16.840.1.113883.19.4.207"/>
                  <code code="PHYS" codeSystem="2.16.840.1.113883.5.111"/>
                  <telecom specializationType="TEL.PHONE" use="WP" value="tel:+1(555)630-7960"/>
                  <assignedPerson classCode="PSN" determinerCode="INSTANCE">
                     <name use="L" xsi:type="PN" specializationType="PN.BASIC">
                        <prefix>Dr.</prefix>
                        <given>Irving</given>
                        <given qualifier="IN">I</given>
                        <family>Intern</family>
                     </name>
                     <asHealthCareProvider classCode="PROV">
                        <id xsi:type="II" specializationType="II.PUBLIC" displayable="true" extension="200203999" root="2.16.840.1.113883.4.41"/>
                     </asHealthCareProvider>
                  </assignedPerson>
               </assignedEntity>
            </authenticator>
            <location contextControlCode="ON" typeCode="LOC">
               <serviceDeliveryLocation classCode="SDLOC">
                  <id xsi:type="II" specializationType="II.PUBLIC" displayable="true" extension="7-1234500-1" root="2.16.840.1.113883.19.3.291.3"/>
                  <code code="HOSP" codeSystem="2.16.840.1.113883.5.111"/>
                  <addr use="PHYS" xsi:type="AD" specializationType="AD.BASIC">
                     <delimiter>Hospital Lane</delimiter>
                     <city>Ann Arbor</city>
                     <state>MI</state>
                     <postalCode>99999</postalCode>
                  </addr>
                  <telecom use="WP" xsi:type="TEL" specializationType="TEL.PHONE" value="tel:+1-555-555-3013"/>
                  <location classCode="PLC" determinerCode="INSTANCE">
                     <name xsi:type="ST">New World Teaching hospital</name>
                  </location>
               </serviceDeliveryLocation>
            </location>
            <inFulfillmentOf contextConductionInd="true" contextControlCode="AN" typeCode="FLFS">
               <sequenceNumber value="2"/>
               <immunizationPlan classCode="SBADM" moodCode="INT">
                  <code code="IMMUNIZ" codeSystem="2.16.840.1.113883.5.4"/>
                  <statusCode code="active"/>
               </immunizationPlan>
            </inFulfillmentOf>
            <reason contextConductionInd="false" contextControlCode="AN" typeCode="RSON">
               <immunizationReason classCode="OBS" moodCode="EVN">
                  <text>Routine</text>
                  <reasonCode code="50811001" codeSystem="2.16.840.1.113883.6.96"/>
               </immunizationReason>
            </reason>
            <authorization contextControlCode="ON" typeCode="AUTH">
               <consent classCode="CONS" moodCode="EVN" negationInd="false">
                  <id displayable="true" extension="11335577" root="2.90.840.1.113883.16.32"/>
                  <code code="IMMUNIZ" codeSystem="2.16.840.1.113883.5.4"/>
                  <effectiveTime xsi:type="IVL_TS">
                     <low specializationType="TS.FULLDATE" value="20080911"/>
                     <high specializationType="TS.FULLDATE" value="20091231"/>
                  </effectiveTime>
                  <receiver contextControlCode="ON" typeCode="RCV">
                     <assignedEntity classCode="ASSIGNED">
                        <id xsi:type="II" specializationType="II.PUBLIC" displayable="true" extension="999222222" root="2.16.840.1.113883.19.4.207"/>
                        <code code="PHYS" codeSystem="2.16.840.1.113883.5.111"/>
                        <assignedPerson classCode="PSN" determinerCode="INSTANCE">
                           <name use="L" xsi:type="PN" specializationType="PN.BASIC">
                              <prefix>Dr.</prefix>
                              <given>Irving</given>
                              <given qualifier="IN">I</given>
                              <family>Intern</family>
                           </name>
                           <asHealthCareProvider classCode="PROV">
                              <id xsi:type="II" specializationType="II.PUBLIC" displayable="true" extension="200203999" root="2.16.840.1.113883.4.41"/>
                           </asHealthCareProvider>
                        </assignedPerson>
                     </assignedEntity>
                  </receiver>
                  <responsibleParty contextControlCode="ON" typeCode="RESP">
                     <modeCode code="DICTATE" codeSystem="2.16.840.1.113883.5.1064"/>
                     <personalRelationship classCode="PRS">
                        <code code="CHILD" codeSystem="2.16.840.1.113883.5.111"/>
                        <relationshipHolder classCode="PSN" determinerCode="INSTANCE">
                           <name use="L">
                              <prefix>Mr.</prefix>
                              <given>Ned</given>
                              <given qualifier="IN">S</given>
                              <family>Nuclear</family>
                           </name>
                        </relationshipHolder>
                     </personalRelationship>
                  </responsibleParty>
               </consent>
            </authorization>
            <pertinentInformation typeCode="PERT">
               <patientImmunizationObservations classCode="OBS" moodCode="EVN">
                  <code code="CLSSRM" codeSystem="2.16.840.1.113883.2.20.5.2"/>
                  <value value="Classroom 86"/>
               </patientImmunizationObservations>
            </pertinentInformation>
         </immunization>
      </subject>
   </controlActEvent>
</POIZ_IN010070CA>