<?xml version="1.0" encoding="UTF-8"?><PORX_IN060380CA xmlns="urn:hl7-org:v3" xmlns:xsi="http://www.w3.org/2001/XMLSchema-instance" ITSVersion="XML_1.0" xsi:schemaLocation="urn:hl7-org:v3 ../Schemas/PORX_IN060380CA.xsd">
   <realmCode code="CA"/>
   <id root="494835D9-FCEC-829C-C4A4-56CC44B85EE3"/>
   <creationTime value="20090913233352.484-0700"/>
   <responseModeCode code="I"/>
   <versionCode code="V3-2008N"/>
   <interactionId root="2.16.840.1.113883.1.18" extension="PORX_IN060380CA" displayable="true"/>
   <profileId use="BUS" root="2.16.840.1.113883.2.20.2" extension="R02.04.02"/>
   <processingCode code="D"/>
   <processingModeCode code="T"/>
   <acceptAckCode code="NE"/>
   <receiver typeCode="RCV">
      <telecom value="http://120.120.120.120"/>
      <device classCode="DEV" determinerCode="INSTANCE">
         <id use="BUS" root="2.16.840.1.113883.19.3.207.15.1.0.3" extension="DIS01"/>
         <name>Good Health Clinic</name>
      </device>
   </receiver>
   <sender typeCode="SND">
      <telecom value="http://100.100.100.100"/>
      <device classCode="DEV" determinerCode="INSTANCE">
         <id use="BUS" root="2.16.840.1.113883.19.3.297.15.37.0.47" extension="DIS01"/>
         <name>Jurisdiction X HIAL</name>
      </device>
   </sender>
   <acknowledgement>
      <typeCode code="AA"/>
      <targetMessage>
         <id root="ECD73312-C787-1C4C-8E1E-FDA983D83AEA"/>
      </targetMessage>
   </acknowledgement>
   <controlActEvent moodCode="EVN" classCode="CACT">
      <id use="BUS" root="2.16.840.1.113883.19.3.297.15.37.1" extension="781362890291022"/>
      <code codeSystem="2.16.840.1.113883.1.18" code="PORX_TE060290CA"/>
      <statusCode code="completed"/>
      <effectiveTime xsi:type="IVL_TS">
         <low value="20090913233351.484-0700"/>
      </effectiveTime>
      <languageCode code="en" codeSystem="2.16.840.1.113883.6.121"/>
      <recordTarget typeCode="RCT" contextControlCode="AP">
         <patient1 classCode="PAT">
            <id displayable="true" root="2.16.840.1.113883.4.20" extension="666112999"/>
            <patientPerson classCode="PSN" determinerCode="INSTANCE">
               <name use="L" specializationType="PN.BASIC">
                  <family>Nuclear</family>
                  <given>John</given>
                  <prefix>Mr.</prefix>
                  <suffix>II</suffix>
               </name>
               <administrativeGenderCode codeSystem="2.16.840.1.113883.5.1" code="M"/>
               <birthTime value="19480712"/>
            </patientPerson>
         </patient1>
      </recordTarget>
      <queryAck>
         <queryId root="3C0179E5-488A-2A2B-7FA5-13491FBA49C1"/>
         <queryResponseCode code="NF"/>
         <resultTotalQuantity value="0"/>
         <resultCurrentQuantity value="0"/>
         <resultRemainingQuantity value="0"/>
      </queryAck>
      <queryByParameter>
         <queryId root="3C0179E5-488A-2A2B-7FA5-13491FBA49C1"/>
         <parameterList>
            <administrationEffectivePeriod>
               <value>
                  <low value="20090715"/>
               </value>
            </administrationEffectivePeriod>
            <includeEventHistoryIndicator>
               <value value="false"/>
            </includeEventHistoryIndicator>
            <includeIssuesIndicator>
               <value value="true"/>
            </includeIssuesIndicator>
            <includeNotesIndicator>
               <value value="true"/>
            </includeNotesIndicator>
            <includePendingChangesIndicator>
               <value value="true"/>
            </includePendingChangesIndicator>
            <mostRecentDispenseForEachRxIndicator>
               <value value="true"/>
            </mostRecentDispenseForEachRxIndicator>
         </parameterList>
      </queryByParameter>
   </controlActEvent>
</PORX_IN060380CA>