<?xml version="1.0" encoding="UTF-8"?><PORX_IN060380CA xmlns="urn:hl7-org:v3" xmlns:xsi="http://www.w3.org/2001/XMLSchema-instance" ITSVersion="XML_1.0" xsi:schemaLocation="urn:hl7-org:v3 ../Schemas/PORX_IN060380CA.xsd">
   <realmCode code="CA"/>
   <id root="0C085565-435A-8006-BF00-82848BF4C8CD"/>
   <creationTime value="20090913233552.484-0700"/>
   <responseModeCode code="I"/>
   <versionCode code="V3-2008N"/>
   <interactionId root="2.16.840.1.113883.1.18" extension="PORX_IN060380CA" displayable="true"/>
   <profileId use="BUS" root="2.16.840.1.113883.2.20.2" extension="R02.04.02"/>
   <processingCode code="D"/>
   <processingModeCode code="T"/>
   <acceptAckCode code="NE"/>
   <receiver typeCode="RCV">
      <telecom value="http://120.120.120.120"/>
      <device classCode="DEV" determinerCode="INSTANCE">
         <id use="BUS" root="2.16.840.1.113883.19.3.207.15.1.0.3" extension="DIS01"/>
         <name>Good Health Clinic</name>
      </device>
   </receiver>
   <sender typeCode="SND">
      <telecom value="http://100.100.100.100"/>
      <device classCode="DEV" determinerCode="INSTANCE">
         <id use="BUS" root="2.16.840.1.113883.19.3.297.15.37.0.47" extension="DIS01"/>
         <name>Jurisdiction X HIAL</name>
      </device>
   </sender>
   <acknowledgement>
      <typeCode code="AA"/>
      <targetMessage>
         <id root="7973166F-2A01-DFCB-4DDB-21A5C870B8F6"/>
      </targetMessage>
   </acknowledgement>
   <controlActEvent moodCode="EVN" classCode="CACT">
      <id use="BUS" root="2.16.840.1.113883.19.3.297.15.37.1" extension="850766880025013"/>
      <code codeSystem="2.16.840.1.113883.1.18" code="PORX_TE060290CA"/>
      <statusCode code="completed"/>
      <effectiveTime xsi:type="IVL_TS">
         <low value="20090913233551.484-0700"/>
      </effectiveTime>
      <languageCode code="en" codeSystem="2.16.840.1.113883.6.121"/>
      <recordTarget typeCode="RCT" contextControlCode="AP">
         <patient1 classCode="PAT">
            <id displayable="true" root="2.16.840.1.113883.4.20" extension="666112999"/>
            <patientPerson classCode="PSN" determinerCode="INSTANCE">
               <name use="L" specializationType="PN.BASIC">
                  <family>Nuclear</family>
                  <given>John</given>
                  <prefix>Mr.</prefix>
                  <suffix>II</suffix>
               </name>
               <administrativeGenderCode codeSystem="2.16.840.1.113883.5.1" code="M"/>
               <birthTime value="19480712"/>
            </patientPerson>
         </patient1>
      </recordTarget>
      <subject typeCode="SUBJ" contextControlCode="AN" contextConductionInd="true">
         <combinedMedicationRequest classCode="SBADM" moodCode="RQO">
            <id use="BUS" specializationType="II.BUS" root="2.16.840.1.113883.19.3.297.15.37.3" extension="GCQL7GQ1D"/>
            <code code="DRUG" codeSystem="2.16.840.1.113883.5.4"/>
            <statusCode code="active"/>
            <confidentialityCode code="N" codeSystem="2.16.840.1.113883.5.25"/>
            <directTarget typeCode="DIR" contextControlCode="OP">
               <medication classCode="ADMM">
                  <administerableMedicine classCode="MMAT" determinerCode="KIND">
                     <code code="00608165" codeSystem="2.16.840.1.113883.6.73"/>
                     <name>RATIO-OXYCOCET</name>
                     <formCode code="TAB" codeSystem="2.16.840.1.113883.5.85"/>
                  </administerableMedicine>
               </medication>
            </directTarget>
            <author typeCode="AUT" contextControlCode="AP">
               <time value="20090913"/>
               <assignedEntity classCode="ASSIGNED">
                  <id xsi:type="II" specializationType="II.PUBLIC" displayable="true" extension="444222222" root="2.16.840.1.113883.19.4.207"/>
                  <code code="PHYS" codeSystem="2.16.840.1.113883.5.111"/>
                  <assignedPerson classCode="PSN" determinerCode="INSTANCE">
                     <name use="L" xsi:type="PN" specializationType="PN.BASIC">
                        <prefix>Dr.</prefix>
                        <given>Irving</given>
                        <given qualifier="IN">I</given>
                        <family>Intern</family>
                     </name>
                     <asHealthCareProvider classCode="PROV">
                        <id xsi:type="II" specializationType="II.PUBLIC" displayable="true" extension="200203444" root="2.16.840.1.113883.4.41"/>
                     </asHealthCareProvider>
                  </assignedPerson>
               </assignedEntity>
            </author>
            <location typeCode="LOC" contextControlCode="OP">
               <serviceDeliveryLocation classCode="SDLOC">
                  <id displayable="true" extension="7-865733-2" root="2.16.840.1.113883.19.3.291.3"/>
                  <code code="OF" codeSystem="2.16.840.1.113883.5.111"/>
                  <addr use="PHYS">1001 Village Avenue<delimiter/>
                     <city>Ann Arbor</city>
                     <state>MI</state>
                     <postalCode>99999</postalCode>
                  </addr>
                  <telecom use="WP" value="tel:+1-555-555-4001"/>
                  <location classCode="PLC" determinerCode="INSTANCE">
                     <name>Community Urgent Care</name>
                  </location>
               </serviceDeliveryLocation>
            </location>
            <reason typeCode="RSON" contextControlCode="AN" contextConductionInd="true">
               <priorityNumber value="1"/>
               <observationProblem moodCode="EVN" classCode="OBS">
                  <code code="ASSERTION" codeSystem="2.16.840.1.113883.5.4"/>
                  <statusCode code="completed"/>
                  <value xsi:type="CV" code="88616000" codeSystem="2.16.840.1.113883.6.96">
                     <originalText>acne vulgaris</originalText>
                  </value>
               </observationProblem>
            </reason>
            <reason typeCode="RSON" contextControlCode="AN" contextConductionInd="true">
               <priorityNumber value="1"/>
               <observationProblem moodCode="EVN" classCode="OBS">
                  <code code="ASSERTION" codeSystem="2.16.840.1.113883.5.4"/>
                  <statusCode code="completed"/>
                  <value xsi:type="CV" code="91494000" codeSystem="2.16.840.1.113883.6.96">
                     <originalText>chlamydia psitacci infection</originalText>
                  </value>
               </observationProblem>
            </reason>
            <precondition typeCode="PRCN" contextControlCode="AN" contextConductionInd="false">
               <verificationEventCriterion classCode="VERIF" moodCode="EVN.CRT">
                  <code code="VFPAPER" codeSystem="2.16.840.1.113883.5.4"/>
               </verificationEventCriterion>
            </precondition>
            <derivedFrom typeCode="DRIV" contextControlCode="ON" contextConductionInd="false">
               <sourceDispense classCode="SPLY" moodCode="EVN">
                  <statusCode code="completed"/>
               </sourceDispense>
            </derivedFrom>
            <component1 typeCode="COMP" contextControlCode="ON" contextConductionInd="true">
               <dosageInstruction classCode="SBADM" moodCode="EVN">
                  <code code="DRUG" codeSystem="2.16.840.1.113883.5.4"/>
                  <text>By mouth take 1, 4 times per day</text>
                  <effectiveTime xsi:type="IVL_TS">
                     <low value="20090913233551.484-0700"/>
                  </effectiveTime>
                  <routeCode code="PO" codeSystem="2.16.840.1.113883.5.112"/>
                  <component2 typeCode="COMP" contextControlCode="ON" contextConductionInd="true">
                     <sequenceNumber value="1"/>
                     <dosageLine classCode="SBADM" moodCode="EVN">
                        <effectiveTime xsi:type="PIVL_TS">
                           <frequency>
                              <numerator value="4"/>
                              <denominator value="1" unit="d"/>
                           </frequency>
                        </effectiveTime>
                        <doseQuantity value="1"/>
                     </dosageLine>
                  </component2>
               </dosageInstruction>
            </component1>
            <component2 typeCode="COMP" contextControlCode="ON" contextConductionInd="true" negationInd="false">
               <trialSupplyPermission classCode="SPLY" moodCode="PERM">
                  <code code="TF" codeSystem="2.16.840.1.113883.5.4"/>
               </trialSupplyPermission>
            </component2>
            <component3 typeCode="COMP" contextControlCode="AN" contextConductionInd="true">
               <supplyRequest classCode="SPLY" moodCode="RQO">
                  <statusCode code="active"/>
                  <effectiveTime xsi:type="IVL_TS">
                     <low value="20090913"/>
                     <high value="20100913"/>
                  </effectiveTime>
                  <location typeCode="LOC" contextControlCode="OP">
                     <substitutionConditionCode code="UNCOND" codeSystem="2.16.840.1.113883.5.1071"/>
                     <serviceDeliveryLocation classCode="SDLOC">
                        <id displayable="true" extension="7-865722-2" root="2.16.840.1.113883.19.3.291.3"/>
                        <code code="PHARM" codeSystem="2.16.840.1.113883.5.111"/>
                        <addr use="PHYS">2222 Village Avenue<delimiter/>
                           <city>Ann Arbor</city>
                           <state>MI</state>
                           <postalCode>99999</postalCode>
                        </addr>
                        <telecom use="WP" value="tel:+1-555-555-4002"/>
                        <location classCode="PLC" determinerCode="INSTANCE">
                           <name>Good Neighbor Pharmacy</name>
                        </location>
                     </serviceDeliveryLocation>
                  </location>
                  <component typeCode="COMP" contextControlCode="ON" contextConductionInd="true">
                     <supplyRequestItem classCode="SPLY" moodCode="RQO">
                        <quantity value="400"/>
                        <expectedUseTime>
                           <width value="100" unit="d"/>
                        </expectedUseTime>
                        <component2 typeCode="COMP" contextControlCode="ON" contextConductionInd="true">
                           <sequenceNumber value="2"/>
                           <subsequentSupplyRequest classCode="SPLY" moodCode="RQO">
                              <repeatNumber value="4"/>
                              <quantity value="400"/>
                              <expectedUseTime>
                                 <width value="100" unit="d"/>
                              </expectedUseTime>
                           </subsequentSupplyRequest>
                        </component2>
                     </supplyRequestItem>
                  </component>
               </supplyRequest>
            </component3>
            <fulfillment2 typeCode="FLFS" contextControlCode="ON" contextConductionInd="true">
               <subsetCode code="RECENT"/>
               <supplyEventLastSummary classCode="SPLY" moodCode="EVN" nullFlavor="NA" xsi:nil="true"/>
            </fulfillment2>
            <fulfillment3 typeCode="FLFS" contextControlCode="ON" contextConductionInd="true">
               <subsetCode code="FIRST"/>
               <supplyEventFirstSummary classCode="SPLY" moodCode="EVN" nullFlavor="NA" xsi:nil="true"/>
            </fulfillment3>
            <fulfillment4 typeCode="FLFS" contextControlCode="ON" contextConductionInd="true">
               <subsetCode code="FUTSUM"/>
               <supplyEventFutureSummary classCode="SPLY" moodCode="EVN">
                  <repeatNumber value="3"/>
                  <quantity value="400"/>
               </supplyEventFutureSummary>
            </fulfillment4>
            <fulfillment5 typeCode="FLFS" contextControlCode="ON" contextConductionInd="true">
               <subsetCode code="PREVSUM"/>
               <supplyEventPastSummary classCode="SPLY" moodCode="EVN">
                  <repeatNumber value="0"/>
                  <quantity value="0"/>
               </supplyEventPastSummary>
            </fulfillment5>
            <subjectOf5 typeCode="SUBJ" contextControlCode="OP" contextConductionInd="true">
               <substitutionPermission classCode="SUBST" moodCode="PERM" negationInd="true">
                  <code code="G" codeSystem="2.16.840.1.113883.5.4"/>
                  <reasonCode code="PAT" codeSystem="2.16.840.1.113883.5.8">
                     <originalText>Patient finds generics hard to swallow</originalText>
                  </reasonCode>
               </substitutionPermission>
            </subjectOf5>
            <subjectOf7 typeCode="SUBJ" contextControlCode="AN" contextConductionInd="false">
               <refusalToFill classCode="CACT" moodCode="EVN">
                  <code code="PORX_TE010210CA" codeSystem="2.16.840.1.113883.1.18"/>
                  <statusCode code="completed"/>
                  <effectiveTime value="20090913"/>
                  <author typeCode="AUT" contextControlCode="OP">
                     <assignedEntity classCode="ASSIGNED">
                        <id xsi:type="II" specializationType="II.PUBLIC" displayable="true" extension="777222222" root="2.16.840.1.113883.19.4.207"/>
                        <code code="PHYS" codeSystem="2.16.840.1.113883.5.111"/>
                        <assignedPerson classCode="PSN" determinerCode="INSTANCE">
                           <name use="L" xsi:type="PN" specializationType="PN.BASIC">
                              <prefix>Dr.</prefix>
                              <given>Irving</given>
                              <given qualifier="IN">I</given>
                              <family>Intern</family>
                           </name>
                           <asHealthCareProvider classCode="PROV">
                              <id xsi:type="II" specializationType="II.PUBLIC" displayable="true" extension="200203777" root="2.16.840.1.113883.4.41"/>
                           </asHealthCareProvider>
                        </assignedPerson>
                     </assignedEntity>
                  </author>
                  <location typeCode="LOC" contextControlCode="OP">
                     <serviceDeliveryLocation classCode="SDLOC">
                        <id displayable="true" extension="7-865722-2" root="2.16.840.1.113883.19.3.291.3"/>
                        <code code="PHARM" codeSystem="2.16.840.1.113883.5.111"/>
                        <addr use="PHYS">2222 Village Avenue<delimiter/>
                           <city>Ann Arbor</city>
                           <state>MI</state>
                           <postalCode>99999</postalCode>
                        </addr>
                        <telecom use="WP" value="tel:+1-555-555-4002"/>
                        <location classCode="PLC" determinerCode="INSTANCE">
                           <name>Good Neighbor Pharmacy</name>
                        </location>
                     </serviceDeliveryLocation>
                  </location>
                  <reason typeCode="RSON" contextControlCode="ON" contextConductionInd="true">
                     <detectedIssueEvent classCode="ALRT" moodCode="EVN">
                        <code code="PREG" codeSystem="2.16.840.1.113883.5.4"/>
                        <text>Patient suspects she may be pregnant</text>
                        <statusCode code="completed"/>
                     </detectedIssueEvent>
                  </reason>
               </refusalToFill>
            </subjectOf7>
            <componentOf2 typeCode="COMP" contextControlCode="AN" contextConductionInd="false">
               <workingListEvent classCode="LIST" moodCode="EVN">
                  <code code="ACU" codeSystem="2.16.840.1.113883.5.4"/>
               </workingListEvent>
            </componentOf2>
         </combinedMedicationRequest>
      </subject>
      <queryAck>
         <queryId root="29F47ED3-44E0-FFC1-1778-B3371BD59D81"/>
         <queryResponseCode code="NF"/>
         <resultTotalQuantity value="0"/>
         <resultCurrentQuantity value="0"/>
         <resultRemainingQuantity value="0"/>
      </queryAck>
      <queryByParameter>
         <queryId root="29F47ED3-44E0-FFC1-1778-B3371BD59D81"/>
         <parameterList>
            <administrationEffectivePeriod>
               <value>
                  <low value="20090715"/>
               </value>
            </administrationEffectivePeriod>
            <includeEventHistoryIndicator>
               <value value="false"/>
            </includeEventHistoryIndicator>
            <includeIssuesIndicator>
               <value value="true"/>
            </includeIssuesIndicator>
            <includeNotesIndicator>
               <value value="true"/>
            </includeNotesIndicator>
            <includePendingChangesIndicator>
               <value value="true"/>
            </includePendingChangesIndicator>
            <mostRecentDispenseForEachRxIndicator>
               <value value="true"/>
            </mostRecentDispenseForEachRxIndicator>
         </parameterList>
      </queryByParameter>
   </controlActEvent>
</PORX_IN060380CA>