<?xml version="1.0" encoding="UTF-8"?><RCMR_IN010003CA xmlns="urn:hl7-org:v3" xmlns:xsi="http://www.w3.org/2001/XMLSchema-instance" ITSVersion="XML_1.0" xsi:schemaLocation="urn:hl7-org:v3 ../Schemas/RCMR_IN010003CA.xsd"><!--
    - Note: This is an example instance.  In a real instance the following differences would apply
    -     1. There would be no schema declaration.  (Receivers will validate against their own schemas)
    -     2. Example OIDs would be replaced by real OIDs
    -     3. Processing mode would be Production, not Debug
    -     4. Data would be real values :>
  --><realmCode code="CA"/>
   <id root="83B27EDE-5BFF-974E-FE3A-500FDA410C83"/>
   <creationTime value="20090913233451.484-0700"/>
   <responseModeCode code="I"/>
   <versionCode code="V3-2008N"/>
   <interactionId root="2.16.840.1.113883.1.18" extension="RCMR_IN010003CA" displayable="true"/>
   <profileId use="BUS" root="2.16.840.1.113883.2.20.2" extension="R02.04.02"/>
   <processingCode code="D"/>
   <processingModeCode code="T"/>
   <acceptAckCode code="NE"/>
   <receiver typeCode="RCV">
      <telecom value="http://100.100.100.100"/>
      <device classCode="DEV" determinerCode="INSTANCE">
         <id use="BUS" root="2.16.840.1.113883.19.3.297.15.37.0.47" extension="DIS01"/>
         <name>Jurisdiction X HIAL</name>
      </device>
   </receiver>
   <sender typeCode="SND">
      <telecom value="http://120.120.120.120"/>
      <device classCode="DEV" determinerCode="INSTANCE">
         <id use="BUS" root="2.16.840.1.113883.19.3.207.15.1.0.3" extension="DIS01"/>
         <name>Good Health Clinic</name>
      </device>
   </sender>
   <controlActEvent classCode="CACT" moodCode="EVN">
      <id use="BUS" root="2.16.840.1.113883.19.3.207.15.1.1" extension="2775212353"/>
      <code codeSystem="2.16.840.1.113883.1.18" code="RCMR_TE010003CA"/>
      <statusCode code="completed"/>
      <effectiveTime>
         <low value="20090913233451.484-0700"/>
      </effectiveTime>
      <languageCode code="en" codeSystem="2.16.840.1.113883.6.121"/>
      <recordTarget typeCode="RCT" contextControlCode="AP">
         <patient1 classCode="PAT">
            <id displayable="true" root="2.16.840.1.113883.4.20" extension="666112999"/>
            <patientPerson classCode="PSN" determinerCode="INSTANCE">
               <name use="L" specializationType="PN.BASIC">
                  <family>Nuclear</family>
                  <given>John</given>
                  <prefix>Mr.</prefix>
                  <suffix>II</suffix>
               </name>
               <administrativeGenderCode codeSystem="2.16.840.1.113883.5.1" code="M"/>
               <birthTime value="19480712"/>
            </patientPerson>
         </patient1>
      </recordTarget>
      <author typeCode="AUT" contextControlCode="AP">
         <time value="20090913233451.484-0700"/>
         <assignedEntity1 classCode="ASSIGNED">
            <id xsi:type="II" specializationType="II.PUBLIC" displayable="true" extension="222339999" root="2.16.840.1.113883.19.4.207"/>
            <assignedPerson classCode="PSN" determinerCode="INSTANCE">
               <name use="L" xsi:type="PN" specializationType="PN.BASIC">
                  <prefix>Dr.</prefix>
                  <given>Fay</given>
                  <given qualifier="IN">F</given>
                  <family>Family</family>
               </name>
               <asHealthCareProvider classCode="PROV">
                  <id xsi:type="II" specializationType="II.PUBLIC" displayable="true" extension="200202888" root="2.16.840.1.113883.4.41"/>
               </asHealthCareProvider>
            </assignedPerson>
         </assignedEntity1>
      </author>
      <location typeCode="LOC" contextControlCode="AP">
         <serviceDeliveryLocation classCode="SDLOC">
            <id xsi:type="II" specializationType="II.PUBLIC" extension="8-66733-1" displayable="true" root="2.16.840.1.113883.19.3.291.3"/>
            <location classCode="PLC" determinerCode="INSTANCE">
               <name>Good Health Clinic</name>
            </location>
         </serviceDeliveryLocation>
      </location>
      <subject contextConductionInd="false" contextControlCode="AN" typeCode="SUBJ">
         <consentEvent classCode="CONS" moodCode="EVN" negationInd="false">
            <id use="BUS" root="2.16.840.1.113883.19.3.207.15.1.9" extension="GCQL7GQ1D"/>
            <code code="INFA" codeSystem="2.16.840.1.113883.5.4"/>
            <statusCode code="completed"/>
            <effectiveTime>
               <low value="20090120"/>
            </effectiveTime>
            <reasonCode code="OVRER" codeSystem="2.16.840.1.113883.5.8"/>
            <author1 contextControlCode="OP" typeCode="AUT">
               <modeCode code="PHYSICAL" codeSystem="2.16.840.1.113883.5.1064"/>
               <patient classCode="PAT"/>
            </author1>
            <component contextConductionInd="true" contextControlCode="ON" typeCode="COMP">
               <permissionToInform classCode="INFRM" moodCode="PERM">
                  <receiver contextControlCode="OP" typeCode="RCV">
                     <assignedEntity classCode="ASSIGNED">
                        <id xsi:type="II" specializationType="II.PUBLIC" displayable="true" extension="999222222" root="2.16.840.1.113883.19.4.207"/>
                        <code code="PHYS" codeSystem="2.16.840.1.113883.5.111"/>
                        <assignedPerson classCode="PSN" determinerCode="INSTANCE">
                           <name use="L" xsi:type="PN" specializationType="PN.BASIC">
                              <prefix>Dr.</prefix>
                              <given>Irving</given>
                              <given qualifier="IN">I</given>
                              <family>Intern</family>
                           </name>
                           <asHealthCareProvider classCode="PROV">
                              <id xsi:type="II" specializationType="II.PUBLIC" displayable="true" extension="200203999" root="2.16.840.1.113883.4.41"/>
                           </asHealthCareProvider>
                        </assignedPerson>
                     </assignedEntity>
                  </receiver>
                  <subject contextConductionInd="false" contextControlCode="ON" typeCode="SUBJ">
                     <recordType classCode="ACT" moodCode="DEF">
                        <code code="ACMED" codeSystem="2.16.840.1.113883.5.4"/>
                     </recordType>
                  </subject>
               </permissionToInform>
            </component>
         </consentEvent>
      </subject>
   </controlActEvent>
</RCMR_IN010003CA>